date,vegetable,price,lag_1,lag_2,lag_3,lag_7,lag_14,lag_21,lag_30,day,month,year,weekday,rolling_mean_7,rolling_std_7,price_diff,veg_code
2025-11-16,Beetroot,30,30.0,30.0,30.0,32.0,32.0,33.0,32.0,16,11,2025,6,30.857142857142858,1.0690449676496998,-2.0,0
2025-11-17,Beetroot,30,30.0,30.0,30.0,32.0,32.0,33.0,32.0,17,11,2025,0,30.571428571428573,0.9759000729485372,-2.0,0
2025-11-18,Beetroot,30,30.0,30.0,30.0,32.0,32.0,33.0,32.0,18,11,2025,1,30.285714285714285,0.755928946018462,-2.0,0
2025-11-19,Beetroot,30,30.0,30.0,30.0,32.0,32.0,33.0,32.0,19,11,2025,2,30.0,0.0,-2.0,0
2025-11-20,Beetroot,30,30.0,30.0,30.0,30.0,32.0,32.0,32.0,20,11,2025,3,30.0,0.0,0.0,0
2025-11-21,Beetroot,30,30.0,30.0,30.0,30.0,32.0,32.0,32.0,21,11,2025,4,30.0,0.0,0.0,0
2025-11-22,Beetroot,35,30.0,30.0,30.0,30.0,32.0,32.0,33.0,22,11,2025,5,30.714285714285715,1.8898223650461379,0.0,0
2025-11-23,Beetroot,35,35.0,30.0,30.0,30.0,32.0,32.0,33.0,23,11,2025,6,31.428571428571427,2.4397501823713323,5.0,0
2025-11-24,Beetroot,35,35.0,35.0,30.0,30.0,32.0,32.0,33.0,24,11,2025,0,32.142857142857146,2.6726124191242424,5.0,0
2025-11-25,Beetroot,35,35.0,35.0,35.0,30.0,32.0,32.0,33.0,25,11,2025,1,32.857142857142854,2.6726124191242424,5.0,0
2025-11-26,Beetroot,35,35.0,35.0,35.0,30.0,32.0,32.0,33.0,26,11,2025,2,33.57142857142857,2.4397501823713323,5.0,0
2025-11-27,Beetroot,35,35.0,35.0,35.0,30.0,30.0,32.0,33.0,27,11,2025,3,34.285714285714285,1.889822365046136,5.0,0
2025-11-28,Beetroot,33,35.0,35.0,35.0,30.0,30.0,32.0,33.0,28,11,2025,4,34.714285714285715,0.7559289460184551,5.0,0
2025-11-29,Beetroot,33,33.0,35.0,35.0,35.0,30.0,32.0,32.0,29,11,2025,5,34.42857142857143,0.9759000729485346,-2.0,0
2025-11-30,Beetroot,33,33.0,33.0,35.0,35.0,30.0,32.0,32.0,30,11,2025,6,34.142857142857146,1.0690449676496996,-2.0,0
2025-12-01,Beetroot,33,33.0,33.0,33.0,35.0,30.0,32.0,32.0,1,12,2025,0,33.857142857142854,1.0690449676496996,-2.0,0
2025-12-02,Beetroot,33,33.0,33.0,33.0,35.0,30.0,32.0,32.0,2,12,2025,1,33.57142857142857,0.9759000729485346,-2.0,0
2025-12-03,Beetroot,33,33.0,33.0,33.0,35.0,30.0,32.0,32.0,3,12,2025,2,33.285714285714285,0.7559289460184551,-2.0,0
2025-12-04,Beetroot,37,33.0,33.0,33.0,35.0,30.0,30.0,32.0,4,12,2025,3,33.57142857142857,1.5118578920369097,-2.0,0
2025-12-05,Beetroot,37,37.0,33.0,33.0,33.0,30.0,30.0,32.0,5,12,2025,4,34.142857142857146,1.9518001458970677,4.0,0
2025-12-06,Beetroot,37,37.0,37.0,33.0,33.0,35.0,30.0,32.0,6,12,2025,5,34.714285714285715,2.138089935299398,4.0,0
2025-12-07,Beetroot,37,37.0,37.0,37.0,33.0,35.0,30.0,32.0,7,12,2025,6,35.285714285714285,2.1380899352993996,4.0,0
2025-12-08,Beetroot,37,37.0,37.0,37.0,33.0,35.0,30.0,32.0,8,12,2025,0,35.857142857142854,1.9518001458970744,4.0,0
2025-12-09,Beetroot,37,37.0,37.0,37.0,33.0,35.0,30.0,32.0,9,12,2025,1,36.42857142857143,1.511857892036924,4.0,0
2025-12-10,Beetroot,37,37.0,37.0,37.0,33.0,35.0,30.0,32.0,10,12,2025,2,37.0,0.0,4.0,0
2025-12-11,Beetroot,36,37.0,37.0,37.0,37.0,35.0,30.0,32.0,11,12,2025,3,36.857142857142854,0.37796447300930336,0.0,0
2025-12-12,Beetroot,36,36.0,37.0,37.0,37.0,33.0,30.0,32.0,12,12,2025,4,36.714285714285715,0.48795003647432167,-1.0,0
2025-12-13,Beetroot,36,36.0,36.0,37.0,37.0,33.0,35.0,30.0,13,12,2025,5,36.57142857142857,0.5345224838248945,-1.0,0
2025-12-14,Beetroot,36,36.0,36.0,36.0,37.0,33.0,35.0,30.0,14,12,2025,6,36.42857142857143,0.5345224838248889,-1.0,0
2025-12-15,Beetroot,36,36.0,36.0,36.0,37.0,33.0,35.0,30.0,15,12,2025,0,36.285714285714285,0.4879500364743047,-1.0,0
2025-12-16,Beetroot,36,36.0,36.0,36.0,37.0,33.0,35.0,30.0,16,12,2025,1,36.142857142857146,0.37796447300927005,-1.0,0
2025-12-17,Beetroot,36,36.0,36.0,36.0,37.0,33.0,35.0,30.0,17,12,2025,2,36.0,0.0,-1.0,0
2025-12-18,Beetroot,36,36.0,36.0,36.0,36.0,37.0,35.0,30.0,18,12,2025,3,36.0,0.0,0.0,0
2025-12-19,Beetroot,36,36.0,36.0,36.0,36.0,37.0,33.0,30.0,19,12,2025,4,36.0,0.0,0.0,0
2025-12-20,Beetroot,39,36.0,36.0,36.0,36.0,37.0,33.0,30.0,20,12,2025,5,36.42857142857143,1.1338934190276995,0.0,0
2025-12-21,Beetroot,39,39.0,36.0,36.0,36.0,37.0,33.0,30.0,21,12,2025,6,36.857142857142854,1.4638501094228176,3.0,0
2025-12-22,Beetroot,39,39.0,39.0,36.0,36.0,37.0,33.0,35.0,22,12,2025,0,37.285714285714285,1.6035674514745666,3.0,0
2025-12-23,Beetroot,39,39.0,39.0,39.0,36.0,37.0,33.0,35.0,23,12,2025,1,37.714285714285715,1.6035674514745706,3.0,0
2025-12-24,Beetroot,39,39.0,39.0,39.0,36.0,37.0,33.0,35.0,24,12,2025,2,38.142857142857146,1.4638501094228307,3.0,0
2025-12-25,Beetroot,39,39.0,39.0,39.0,36.0,36.0,37.0,35.0,25,12,2025,3,38.57142857142857,1.1338934190277266,3.0,0
2025-12-26,Beetroot,40,39.0,39.0,39.0,36.0,36.0,37.0,35.0,26,12,2025,4,39.142857142857146,0.3779644730093812,3.0,0
2025-12-27,Beetroot,40,40.0,39.0,39.0,39.0,36.0,37.0,35.0,27,12,2025,5,39.285714285714285,0.4879500364743887,1.0,0
2025-12-28,Beetroot,40,40.0,40.0,39.0,39.0,36.0,37.0,33.0,28,12,2025,6,39.42857142857143,0.5345224838249636,1.0,0
2025-12-29,Beetroot,40,40.0,40.0,40.0,39.0,36.0,37.0,33.0,29,12,2025,0,39.57142857142857,0.5345224838249671,1.0,0
2025-12-30,Beetroot,40,40.0,40.0,40.0,39.0,36.0,37.0,33.0,30,12,2025,1,39.714285714285715,0.487950036474399,1.0,0
2025-12-31,Beetroot,40,40.0,40.0,40.0,39.0,36.0,37.0,33.0,31,12,2025,2,39.857142857142854,0.3779644730094003,1.0,0
2026-01-01,Beetroot,40,40.0,40.0,40.0,39.0,36.0,36.0,33.0,1,1,2026,3,40.0,0.0,1.0,0
2026-01-02,Beetroot,40,40.0,40.0,40.0,40.0,36.0,36.0,33.0,2,1,2026,4,40.0,0.0,0.0,0
2026-01-03,Beetroot,40,40.0,40.0,40.0,40.0,39.0,36.0,37.0,3,1,2026,5,40.0,0.0,0.0,0
2026-01-04,Beetroot,40,40.0,40.0,40.0,40.0,39.0,36.0,37.0,4,1,2026,6,40.0,0.0,0.0,0
2026-01-05,Beetroot,40,40.0,40.0,40.0,40.0,39.0,36.0,37.0,5,1,2026,0,40.0,0.0,0.0,0
2026-01-06,Beetroot,40,40.0,40.0,40.0,40.0,39.0,36.0,37.0,6,1,2026,1,40.0,0.0,0.0,0
2026-01-07,Beetroot,39,40.0,40.0,40.0,40.0,39.0,36.0,37.0,7,1,2026,2,39.857142857142854,0.3779644730094003,0.0,0
2026-01-08,Beetroot,39,39.0,40.0,40.0,40.0,39.0,36.0,37.0,8,1,2026,3,39.714285714285715,0.487950036474399,-1.0,0
2026-01-09,Beetroot,39,39.0,39.0,40.0,40.0,40.0,36.0,37.0,9,1,2026,4,39.57142857142857,0.5345224838249671,-1.0,0
2026-01-10,Beetroot,39,39.0,39.0,39.0,40.0,40.0,39.0,36.0,10,1,2026,5,39.42857142857143,0.5345224838249636,-1.0,0
2026-01-11,Beetroot,39,39.0,39.0,39.0,40.0,40.0,39.0,36.0,11,1,2026,6,39.285714285714285,0.4879500364743887,-1.0,0
2026-01-12,Beetroot,39,39.0,39.0,39.0,40.0,40.0,39.0,36.0,12,1,2026,0,39.142857142857146,0.37796447300938124,-1.0,0
2026-01-13,Beetroot,39,39.0,39.0,39.0,40.0,40.0,39.0,36.0,13,1,2026,1,39.0,0.0,-1.0,0
2026-01-14,Beetroot,39,39.0,39.0,39.0,39.0,40.0,39.0,36.0,14,1,2026,2,39.0,0.0,0.0,0
2026-01-15,Beetroot,39,39.0,39.0,39.0,39.0,40.0,39.0,36.0,15,1,2026,3,39.0,0.0,0.0,0
2026-01-16,Beetroot,39,39.0,39.0,39.0,39.0,40.0,40.0,36.0,16,1,2026,4,39.0,0.0,0.0,0
2026-01-17,Beetroot,39,39.0,39.0,39.0,39.0,40.0,40.0,36.0,17,1,2026,5,39.0,0.0,0.0,0
2026-01-18,Beetroot,39,39.0,39.0,39.0,39.0,40.0,40.0,36.0,18,1,2026,6,39.0,0.0,0.0,0
2026-01-19,Beetroot,39,39.0,39.0,39.0,39.0,40.0,40.0,39.0,19,1,2026,0,39.0,0.0,0.0,0
2026-01-20,Beetroot,39,39.0,39.0,39.0,39.0,40.0,40.0,39.0,20,1,2026,1,39.0,0.0,0.0,0
2026-01-21,Beetroot,39,39.0,39.0,39.0,39.0,39.0,40.0,39.0,21,1,2026,2,39.0,0.0,0.0,0
2026-01-22,Beetroot,35,39.0,39.0,39.0,39.0,39.0,40.0,39.0,22,1,2026,3,38.42857142857143,1.5118578920369408,0.0,0
2026-01-23,Beetroot,35,35.0,39.0,39.0,39.0,39.0,40.0,39.0,23,1,2026,4,37.857142857142854,1.9518001458970875,-4.0,0
2026-01-24,Beetroot,35,35.0,35.0,39.0,39.0,39.0,40.0,39.0,24,1,2026,5,37.285714285714285,2.138089935299412,-4.0,0
2026-01-25,Beetroot,35,35.0,35.0,35.0,39.0,39.0,40.0,40.0,25,1,2026,6,36.714285714285715,2.13808993529941,-4.0,0
2026-01-26,Beetroot,35,35.0,35.0,35.0,39.0,39.0,40.0,40.0,26,1,2026,0,36.142857142857146,1.9518001458970808,-4.0,0
2026-01-27,Beetroot,35,35.0,35.0,35.0,39.0,39.0,40.0,40.0,27,1,2026,1,35.57142857142857,1.5118578920369263,-4.0,0
2026-01-28,Beetroot,35,35.0,35.0,35.0,39.0,39.0,39.0,40.0,28,1,2026,2,35.0,0.0,-4.0,0
2026-01-29,Beetroot,35,35.0,35.0,35.0,35.0,39.0,39.0,40.0,29,1,2026,3,35.0,0.0,0.0,0
2026-01-30,Beetroot,35,35.0,35.0,35.0,35.0,39.0,39.0,40.0,30,1,2026,4,35.0,0.0,0.0,0
2026-01-31,Beetroot,35,35.0,35.0,35.0,35.0,39.0,39.0,40.0,31,1,2026,5,35.0,0.0,0.0,0
2026-02-01,Beetroot,35,35.0,35.0,35.0,35.0,39.0,39.0,40.0,1,2,2026,6,35.0,0.0,0.0,0
2026-02-02,Beetroot,35,35.0,35.0,35.0,35.0,39.0,39.0,40.0,2,2,2026,0,35.0,0.0,0.0,0
2026-02-03,Beetroot,35,35.0,35.0,35.0,35.0,39.0,39.0,40.0,3,2,2026,1,35.0,0.0,0.0,0
2026-02-04,Beetroot,35,35.0,35.0,35.0,35.0,39.0,39.0,40.0,4,2,2026,2,35.0,0.0,0.0,0
2026-02-05,Beetroot,35,35.0,35.0,35.0,35.0,35.0,39.0,40.0,5,2,2026,3,35.0,0.0,0.0,0
2026-02-06,Beetroot,35,35.0,35.0,35.0,35.0,35.0,39.0,39.0,6,2,2026,4,35.0,0.0,0.0,0
2026-02-07,Beetroot,35,35.0,35.0,35.0,35.0,35.0,39.0,39.0,7,2,2026,5,35.0,0.0,0.0,0
2026-02-08,Beetroot,35,35.0,35.0,35.0,35.0,35.0,39.0,39.0,8,2,2026,6,35.0,0.0,0.0,0
2026-02-09,Beetroot,35,35.0,35.0,35.0,35.0,35.0,39.0,39.0,9,2,2026,0,35.0,0.0,0.0,0
2026-02-10,Beetroot,35,35.0,35.0,35.0,35.0,35.0,39.0,39.0,10,2,2026,1,35.0,0.0,0.0,0
2026-02-11,Beetroot,30,35.0,35.0,35.0,35.0,35.0,39.0,39.0,11,2,2026,2,34.285714285714285,1.8898223650461494,0.0,0
2026-02-12,Beetroot,30,30.0,35.0,35.0,35.0,35.0,35.0,39.0,12,2,2026,3,33.57142857142857,2.4397501823713426,-5.0,0
2026-02-13,Beetroot,30,30.0,30.0,35.0,35.0,35.0,35.0,39.0,13,2,2026,4,32.857142857142854,2.6726124191242517,-5.0,0
2026-02-14,Beetroot,30,30.0,30.0,30.0,35.0,35.0,35.0,39.0,14,2,2026,5,32.142857142857146,2.6726124191242517,-5.0,0
2026-02-15,Beetroot,30,30.0,30.0,30.0,35.0,35.0,35.0,39.0,15,2,2026,6,31.428571428571427,2.4397501823713426,-5.0,0
2026-02-16,Beetroot,30,30.0,30.0,30.0,35.0,35.0,35.0,39.0,16,2,2026,0,30.714285714285715,1.8898223650461505,-5.0,0
2026-02-17,Beetroot,30,30.0,30.0,30.0,35.0,35.0,35.0,39.0,17,2,2026,1,30.0,0.0,-5.0,0
2026-02-18,Beetroot,30,30.0,30.0,30.0,30.0,35.0,35.0,39.0,18,2,2026,2,30.0,0.0,0.0,0
2026-02-19,Beetroot,30,30.0,30.0,30.0,30.0,35.0,35.0,39.0,19,2,2026,3,30.0,0.0,0.0,0
2026-02-20,Beetroot,30,30.0,30.0,30.0,30.0,35.0,35.0,39.0,20,2,2026,4,30.0,0.0,0.0,0
2026-02-21,Beetroot,30,30.0,30.0,30.0,30.0,35.0,35.0,35.0,21,2,2026,5,30.0,0.0,0.0,0
2026-02-22,Beetroot,30,30.0,30.0,30.0,30.0,35.0,35.0,35.0,22,2,2026,6,30.0,0.0,0.0,0
2026-02-23,Beetroot,30,30.0,30.0,30.0,30.0,35.0,35.0,35.0,23,2,2026,0,30.0,0.0,0.0,0
2026-02-24,Beetroot,30,30.0,30.0,30.0,30.0,35.0,35.0,35.0,24,2,2026,1,30.0,0.0,0.0,0
2026-02-25,Beetroot,30,30.0,30.0,30.0,30.0,30.0,35.0,35.0,25,2,2026,2,30.0,0.0,0.0,0
2026-02-26,Beetroot,27,30.0,30.0,30.0,30.0,30.0,35.0,35.0,26,2,2026,3,29.571428571428573,1.1338934190277123,0.0,0
2026-02-27,Beetroot,29,27.0,30.0,30.0,30.0,30.0,35.0,35.0,27,2,2026,4,29.428571428571427,1.1338934190277132,-3.0,0
2026-02-28,Beetroot,28,29.0,27.0,30.0,30.0,30.0,35.0,35.0,28,2,2026,5,29.142857142857142,1.2149857925879428,-1.0,0
2026-03-01,Beetroot,28,28.0,29.0,27.0,30.0,30.0,35.0,35.0,1,3,2026,6,28.857142857142858,1.2149857925879444,-2.0,0
2026-03-02,Beetroot,27,28.0,28.0,29.0,30.0,30.0,35.0,35.0,2,3,2026,0,28.428571428571427,1.2724180205607376,-2.0,0
2026-03-03,Beetroot,27,27.0,28.0,28.0,30.0,30.0,35.0,35.0,3,3,2026,1,28.0,1.1547005383792908,-3.0,0
2026-03-04,Beetroot,28,27.0,27.0,28.0,30.0,30.0,30.0,35.0,4,3,2026,2,27.714285714285715,0.755928946018516,-3.0,0
2026-03-05,Beetroot,28,28.0,27.0,27.0,27.0,30.0,30.0,35.0,5,3,2026,3,27.857142857142858,0.6900655593424204,1.0,0
2026-03-06,Beetroot,28,28.0,28.0,27.0,29.0,30.0,30.0,35.0,6,3,2026,4,27.714285714285715,0.48795003647436164,-1.0,0
2026-03-07,Beetroot,28,28.0,28.0,28.0,28.0,30.0,30.0,35.0,7,3,2026,5,27.714285714285715,0.48795003647436164,0.0,0
2026-03-08,Beetroot,26,28.0,28.0,28.0,28.0,30.0,30.0,35.0,8,3,2026,6,27.428571428571427,0.786795792469504,0.0,0
2026-03-09,Beetroot,26,26.0,28.0,28.0,27.0,30.0,30.0,35.0,9,3,2026,0,27.285714285714285,0.9511897312113933,-1.0,0
2026-03-10,Beetroot,26,26.0,26.0,28.0,27.0,30.0,30.0,35.0,10,3,2026,1,27.142857142857142,1.0690449676497442,-1.0,0
2026-03-11,Beetroot,29,26.0,26.0,26.0,28.0,30.0,30.0,35.0,11,3,2026,2,27.285714285714285,1.2535663410560565,-2.0,0
2026-03-12,Beetroot,29,29.0,26.0,26.0,28.0,27.0,30.0,35.0,12,3,2026,3,27.428571428571427,1.3972762620115782,1.0,0
2026-03-13,Beetroot,29,29.0,29.0,26.0,28.0,29.0,30.0,30.0,13,3,2026,4,27.571428571428573,1.51185789203694,1.0,0
2026-03-14,Beetroot,29,29.0,29.0,29.0,28.0,28.0,30.0,30.0,14,3,2026,5,27.714285714285715,1.6035674514745752,1.0,0
2026-03-15,Beetroot,26,29.0,29.0,29.0,26.0,28.0,30.0,30.0,15,3,2026,6,27.714285714285715,1.6035674514745752,3.0,0
2026-03-16,Beetroot,26,26.0,29.0,29.0,26.0,27.0,30.0,30.0,16,3,2026,0,27.714285714285715,1.6035674514745752,0.0,0
2026-03-17,Beetroot,29,26.0,26.0,29.0,26.0,27.0,30.0,30.0,17,3,2026,1,28.142857142857142,1.4638501094228296,0.0,0
2026-03-18,Beetroot,29,29.0,26.0,26.0,29.0,28.0,30.0,30.0,18,3,2026,2,28.142857142857142,1.4638501094228296,0.0,0
2026-03-19,Beetroot,29,29.0,29.0,26.0,29.0,28.0,27.0,30.0,19,3,2026,3,28.142857142857142,1.4638501094228296,0.0,0
2026-03-20,Beetroot,29,29.0,29.0,29.0,29.0,28.0,29.0,30.0,20,3,2026,4,28.142857142857142,1.4638501094228296,0.0,0
2026-03-21,Beetroot,26,29.0,29.0,29.0,29.0,28.0,28.0,30.0,21,3,2026,5,27.714285714285715,1.6035674514745752,0.0,0
2026-03-22,Beetroot,26,26.0,29.0,29.0,26.0,26.0,28.0,30.0,22,3,2026,6,27.714285714285715,1.6035674514745752,0.0,0
2026-03-23,Beetroot,25,26.0,26.0,29.0,26.0,26.0,27.0,30.0,23,3,2026,0,27.571428571428573,1.8126539343499577,0.0,0
2026-03-24,Beetroot,24,25.0,26.0,26.0,29.0,26.0,27.0,30.0,24,3,2026,1,26.857142857142858,2.1157009420498394,-4.0,0
2026-03-25,Beetroot,26,24.0,25.0,26.0,29.0,29.0,28.0,30.0,25,3,2026,2,26.428571428571427,1.9023794624227115,-5.0,0
2026-03-26,Beetroot,26,26.0,24.0,25.0,29.0,29.0,28.0,30.0,26,3,2026,3,26.0,1.527525231651982,-3.0,0
2026-03-27,Beetroot,26,26.0,26.0,24.0,29.0,29.0,28.0,30.0,27,3,2026,4,25.571428571428573,0.786795792469514,-3.0,0
2026-03-28,Beetroot,26,26.0,26.0,26.0,26.0,29.0,28.0,27.0,28,3,2026,5,25.571428571428573,0.786795792469514,0.0,0
2026-03-29,Beetroot,22,26.0,26.0,26.0,26.0,26.0,26.0,29.0,29,3,2026,6,25.0,1.5275252316519832,0.0,0
2026-03-30,Beetroot,22,22.0,26.0,26.0,25.0,26.0,26.0,28.0,30,3,2026,0,24.571428571428573,1.9023794624227133,-3.0,0
2026-03-31,Beetroot,21,22.0,22.0,26.0,24.0,29.0,26.0,28.0,31,3,2026,1,24.142857142857142,2.340126166724903,-2.0,0
2026-04-01,Beetroot,27,21.0,22.0,22.0,26.0,29.0,29.0,27.0,1,4,2026,2,24.285714285714285,2.4976179127511378,-5.0,0
2026-04-02,Beetroot,27,27.0,21.0,22.0,26.0,29.0,29.0,27.0,2,4,2026,3,24.428571428571427,2.6367367999823315,1.0,0
2026-04-03,Beetroot,27,27.0,27.0,21.0,26.0,29.0,29.0,28.0,3,4,2026,4,24.571428571428573,2.7602622373694374,1.0,0
2026-04-04,Beetroot,27,27.0,27.0,27.0,26.0,26.0,29.0,28.0,4,4,2026,5,24.714285714285715,2.8702082220799507,1.0,0
2026-04-05,Beetroot,27,27.0,27.0,27.0,22.0,26.0,26.0,28.0,5,4,2026,6,25.428571428571427,2.6992062325273336,5.0,0
2026-04-06,Beetroot,27,27.0,27.0,27.0,22.0,25.0,26.0,28.0,6,4,2026,0,26.142857142857142,2.2677868380553896,5.0,0
2026-04-07,Beetroot,26,27.0,27.0,27.0,21.0,24.0,29.0,26.0,7,4,2026,1,26.857142857142858,0.3779644730093848,6.0,0
2026-04-08,Beetroot,26,26.0,27.0,27.0,27.0,26.0,29.0,26.0,8,4,2026,2,26.714285714285715,0.4879500364743891,-1.0,0
2026-04-09,Beetroot,27,26.0,26.0,27.0,27.0,26.0,29.0,26.0,9,4,2026,3,26.714285714285715,0.4879500364743891,-1.0,0
2026-04-10,Beetroot,27,27.0,26.0,26.0,27.0,26.0,29.0,29.0,10,4,2026,4,26.714285714285715,0.4879500364743891,0.0,0
2026-04-11,Beetroot,30,27.0,27.0,26.0,27.0,26.0,26.0,29.0,11,4,2026,5,27.142857142857142,1.345185418269143,0.0,0
2026-04-12,Beetroot,30,30.0,27.0,27.0,27.0,22.0,26.0,29.0,12,4,2026,6,27.571428571428573,1.7182493859684842,3.0,0
2026-04-13,Beetroot,30,30.0,30.0,27.0,27.0,22.0,25.0,29.0,13,4,2026,0,28.0,1.9148542155127084,3.0,0
2026-04-14,Beetroot,33,30.0,30.0,30.0,26.0,21.0,24.0,26.0,14,4,2026,1,29.0,2.449489742783205,4.0,0
2025-11-16,Green Chilli,41,41.0,41.0,41.0,45.0,40.0,48.0,42.0,16,11,2025,6,42.714285714285715,2.138089935299401,-4.0,1
2025-11-17,Green Chilli,41,41.0,41.0,41.0,45.0,40.0,48.0,43.0,17,11,2025,0,42.142857142857146,1.951800145897078,-4.0,1
2025-11-18,Green Chilli,41,41.0,41.0,41.0,45.0,40.0,48.0,43.0,18,11,2025,1,41.57142857142857,1.5118578920369314,-4.0,1
2025-11-19,Green Chilli,41,41.0,41.0,41.0,45.0,40.0,48.0,43.0,19,11,2025,2,41.0,0.0,-4.0,1
2025-11-20,Green Chilli,41,41.0,41.0,41.0,41.0,40.0,40.0,43.0,20,11,2025,3,41.0,0.0,0.0,1
2025-11-21,Green Chilli,41,41.0,41.0,41.0,41.0,45.0,40.0,43.0,21,11,2025,4,41.0,0.0,0.0,1
2025-11-22,Green Chilli,44,41.0,41.0,41.0,41.0,45.0,40.0,48.0,22,11,2025,5,41.42857142857143,1.1338934190277123,0.0,1
2025-11-23,Green Chilli,44,44.0,41.0,41.0,41.0,45.0,40.0,48.0,23,11,2025,6,41.857142857142854,1.463850109422815,3.0,1
2025-11-24,Green Chilli,44,44.0,44.0,41.0,41.0,45.0,40.0,48.0,24,11,2025,0,42.285714285714285,1.6035674514745522,3.0,1
2025-11-25,Green Chilli,44,44.0,44.0,44.0,41.0,45.0,40.0,48.0,25,11,2025,1,42.714285714285715,1.6035674514745444,3.0,1
2025-11-26,Green Chilli,44,44.0,44.0,44.0,41.0,45.0,40.0,48.0,26,11,2025,2,43.142857142857146,1.4638501094227894,3.0,1
2025-11-27,Green Chilli,44,44.0,44.0,44.0,41.0,41.0,40.0,48.0,27,11,2025,3,43.57142857142857,1.1338934190276575,3.0,1
2025-11-28,Green Chilli,45,44.0,44.0,44.0,41.0,41.0,45.0,48.0,28,11,2025,4,44.142857142857146,0.37796447300911057,3.0,1
2025-11-29,Green Chilli,45,45.0,44.0,44.0,44.0,41.0,45.0,40.0,29,11,2025,5,44.285714285714285,0.4879500364741688,1.0,1
2025-11-30,Green Chilli,45,45.0,45.0,44.0,44.0,41.0,45.0,40.0,30,11,2025,6,44.42857142857143,0.5345224838247529,1.0,1
2025-12-01,Green Chilli,45,45.0,45.0,45.0,44.0,41.0,45.0,40.0,1,12,2025,0,44.57142857142857,0.5345224838247452,1.0,1
2025-12-02,Green Chilli,45,45.0,45.0,45.0,44.0,41.0,45.0,40.0,2,12,2025,1,44.714285714285715,0.4879500364741436,1.0,1
2025-12-03,Green Chilli,45,45.0,45.0,45.0,44.0,41.0,45.0,40.0,3,12,2025,2,44.857142857142854,0.37796447300905467,1.0,1
2025-12-04,Green Chilli,46,45.0,45.0,45.0,44.0,41.0,41.0,40.0,4,12,2025,3,45.142857142857146,0.37796447300902714,1.0,1
2025-12-05,Green Chilli,46,46.0,45.0,45.0,45.0,41.0,41.0,40.0,5,12,2025,4,45.285714285714285,0.48795003647410196,1.0,1
2025-12-06,Green Chilli,46,46.0,46.0,45.0,45.0,44.0,41.0,40.0,6,12,2025,5,45.42857142857143,0.5345224838246906,1.0,1
2025-12-07,Green Chilli,46,46.0,46.0,46.0,45.0,44.0,41.0,45.0,7,12,2025,6,45.57142857142857,0.5345224838246828,1.0,1
2025-12-08,Green Chilli,46,46.0,46.0,46.0,45.0,44.0,41.0,45.0,8,12,2025,0,45.714285714285715,0.48795003647407525,1.0,1
2025-12-09,Green Chilli,46,46.0,46.0,46.0,45.0,44.0,41.0,45.0,9,12,2025,1,45.857142857142854,0.37796447300896646,1.0,1
2025-12-10,Green Chilli,46,46.0,46.0,46.0,45.0,44.0,41.0,45.0,10,12,2025,2,46.0,0.0,1.0,1
2025-12-11,Green Chilli,45,46.0,46.0,46.0,46.0,44.0,41.0,45.0,11,12,2025,3,45.857142857142854,0.37796447300896646,0.0,1
2025-12-12,Green Chilli,45,45.0,46.0,46.0,46.0,45.0,41.0,45.0,12,12,2025,4,45.714285714285715,0.48795003647407525,-1.0,1
2025-12-13,Green Chilli,45,45.0,45.0,46.0,46.0,45.0,44.0,41.0,13,12,2025,5,45.57142857142857,0.5345224838246828,-1.0,1
2025-12-14,Green Chilli,45,45.0,45.0,45.0,46.0,45.0,44.0,41.0,14,12,2025,6,45.42857142857143,0.5345224838246906,-1.0,1
2025-12-15,Green Chilli,45,45.0,45.0,45.0,46.0,45.0,44.0,41.0,15,12,2025,0,45.285714285714285,0.4879500364741005,-1.0,1
2025-12-16,Green Chilli,45,45.0,45.0,45.0,46.0,45.0,44.0,41.0,16,12,2025,1,45.142857142857146,0.3779644730090224,-1.0,1
2025-12-17,Green Chilli,45,45.0,45.0,45.0,46.0,45.0,44.0,41.0,17,12,2025,2,45.0,0.0,-1.0,1
2025-12-18,Green Chilli,45,45.0,45.0,45.0,45.0,46.0,44.0,41.0,18,12,2025,3,45.0,0.0,0.0,1
2025-12-19,Green Chilli,45,45.0,45.0,45.0,45.0,46.0,45.0,41.0,19,12,2025,4,45.0,0.0,0.0,1
2025-12-20,Green Chilli,47,45.0,45.0,45.0,45.0,46.0,45.0,41.0,20,12,2025,5,45.285714285714285,0.7559289460183459,0.0,1
2025-12-21,Green Chilli,47,47.0,45.0,45.0,45.0,46.0,45.0,41.0,21,12,2025,6,45.57142857142857,0.9759000729484402,2.0,1
2025-12-22,Green Chilli,47,47.0,47.0,45.0,45.0,46.0,45.0,44.0,22,12,2025,0,45.857142857142854,1.069044967649604,2.0,1
2025-12-23,Green Chilli,47,47.0,47.0,47.0,45.0,46.0,45.0,44.0,23,12,2025,1,46.142857142857146,1.0690449676495966,2.0,1
2025-12-24,Green Chilli,47,47.0,47.0,47.0,45.0,46.0,45.0,44.0,24,12,2025,2,46.42857142857143,0.9759000729484139,2.0,1
2025-12-25,Green Chilli,47,47.0,47.0,47.0,45.0,45.0,46.0,44.0,25,12,2025,3,46.714285714285715,0.7559289460182904,2.0,1
2025-12-26,Green Chilli,41,47.0,47.0,47.0,45.0,45.0,46.0,44.0,26,12,2025,4,46.142857142857146,2.267786838055316,2.0,1
2025-12-27,Green Chilli,41,41.0,47.0,47.0,47.0,45.0,46.0,44.0,27,12,2025,5,45.285714285714285,2.9277002188455716,-6.0,1
2025-12-28,Green Chilli,41,41.0,41.0,47.0,47.0,45.0,46.0,45.0,28,12,2025,6,44.42857142857143,3.207134902949075,-6.0,1
2025-12-29,Green Chilli,41,41.0,41.0,41.0,47.0,45.0,46.0,45.0,29,12,2025,0,43.57142857142857,3.2071349029490825,-6.0,1
2025-12-30,Green Chilli,41,41.0,41.0,41.0,47.0,45.0,46.0,45.0,30,12,2025,1,42.714285714285715,2.927700218845597,-6.0,1
2025-12-31,Green Chilli,41,41.0,41.0,41.0,47.0,45.0,46.0,45.0,31,12,2025,2,41.857142857142854,2.2677868380553705,-6.0,1
2026-01-01,Green Chilli,41,41.0,41.0,41.0,47.0,45.0,45.0,45.0,1,1,2026,3,41.0,0.0,-6.0,1
2026-01-02,Green Chilli,41,41.0,41.0,41.0,41.0,45.0,45.0,45.0,2,1,2026,4,41.0,0.0,0.0,1
2026-01-03,Green Chilli,41,41.0,41.0,41.0,41.0,47.0,45.0,46.0,3,1,2026,5,41.0,0.0,0.0,1
2026-01-04,Green Chilli,41,41.0,41.0,41.0,41.0,47.0,45.0,46.0,4,1,2026,6,41.0,0.0,0.0,1
2026-01-05,Green Chilli,41,41.0,41.0,41.0,41.0,47.0,45.0,46.0,5,1,2026,0,41.0,0.0,0.0,1
2026-01-06,Green Chilli,41,41.0,41.0,41.0,41.0,47.0,45.0,46.0,6,1,2026,1,41.0,0.0,0.0,1
2026-01-07,Green Chilli,42,41.0,41.0,41.0,41.0,47.0,45.0,46.0,7,1,2026,2,41.142857142857146,0.37796447300932456,0.0,1
2026-01-08,Green Chilli,42,42.0,41.0,41.0,41.0,47.0,45.0,46.0,8,1,2026,3,41.285714285714285,0.4879500364743346,1.0,1
2026-01-09,Green Chilli,42,42.0,42.0,41.0,41.0,41.0,45.0,46.0,9,1,2026,4,41.42857142857143,0.5345224838249042,1.0,1
2026-01-10,Green Chilli,42,42.0,42.0,42.0,41.0,41.0,47.0,45.0,10,1,2026,5,41.57142857142857,0.5345224838248965,1.0,1
2026-01-11,Green Chilli,42,42.0,42.0,42.0,41.0,41.0,47.0,45.0,11,1,2026,6,41.714285714285715,0.4879500364743094,1.0,1
2026-01-12,Green Chilli,42,42.0,42.0,42.0,41.0,41.0,47.0,45.0,12,1,2026,0,41.857142857142854,0.37796447300926866,1.0,1
2026-01-13,Green Chilli,42,42.0,42.0,42.0,41.0,41.0,47.0,45.0,13,1,2026,1,42.0,0.0,1.0,1
2026-01-14,Green Chilli,42,42.0,42.0,42.0,42.0,41.0,47.0,45.0,14,1,2026,2,42.0,0.0,0.0,1
2026-01-15,Green Chilli,42,42.0,42.0,42.0,42.0,41.0,47.0,45.0,15,1,2026,3,42.0,0.0,0.0,1
2026-01-16,Green Chilli,42,42.0,42.0,42.0,42.0,41.0,41.0,45.0,16,1,2026,4,42.0,0.0,0.0,1
2026-01-17,Green Chilli,42,42.0,42.0,42.0,42.0,41.0,41.0,45.0,17,1,2026,5,42.0,0.0,0.0,1
2026-01-18,Green Chilli,42,42.0,42.0,42.0,42.0,41.0,41.0,45.0,18,1,2026,6,42.0,0.0,0.0,1
2026-01-19,Green Chilli,42,42.0,42.0,42.0,42.0,41.0,41.0,47.0,19,1,2026,0,42.0,0.0,0.0,1
2026-01-20,Green Chilli,42,42.0,42.0,42.0,42.0,41.0,41.0,47.0,20,1,2026,1,42.0,0.0,0.0,1
2026-01-21,Green Chilli,42,42.0,42.0,42.0,42.0,42.0,41.0,47.0,21,1,2026,2,42.0,0.0,0.0,1
2026-01-22,Green Chilli,43,42.0,42.0,42.0,42.0,42.0,41.0,47.0,22,1,2026,3,42.142857142857146,0.3779644730092412,0.0,1
2026-01-23,Green Chilli,43,43.0,42.0,42.0,42.0,42.0,41.0,47.0,23,1,2026,4,42.285714285714285,0.48795003647426777,1.0,1
2026-01-24,Green Chilli,43,43.0,43.0,42.0,42.0,42.0,41.0,47.0,24,1,2026,5,42.42857142857143,0.5345224838248418,1.0,1
2026-01-25,Green Chilli,43,43.0,43.0,43.0,42.0,42.0,41.0,41.0,25,1,2026,6,42.57142857142857,0.5345224838248341,1.0,1
2026-01-26,Green Chilli,43,43.0,43.0,43.0,42.0,42.0,41.0,41.0,26,1,2026,0,42.714285714285715,0.48795003647424107,1.0,1
2026-01-27,Green Chilli,43,43.0,43.0,43.0,42.0,42.0,41.0,41.0,27,1,2026,1,42.857142857142854,0.3779644730091805,1.0,1
2026-01-28,Green Chilli,43,43.0,43.0,43.0,42.0,42.0,42.0,41.0,28,1,2026,2,43.0,0.0,1.0,1
2026-01-29,Green Chilli,43,43.0,43.0,43.0,43.0,42.0,42.0,41.0,29,1,2026,3,43.0,0.0,0.0,1
2026-01-30,Green Chilli,43,43.0,43.0,43.0,43.0,42.0,42.0,41.0,30,1,2026,4,43.0,0.0,0.0,1
2026-01-31,Green Chilli,43,43.0,43.0,43.0,43.0,42.0,42.0,41.0,31,1,2026,5,43.0,0.0,0.0,1
2026-02-01,Green Chilli,43,43.0,43.0,43.0,43.0,42.0,42.0,41.0,1,2,2026,6,43.0,0.0,0.0,1
2026-02-02,Green Chilli,43,43.0,43.0,43.0,43.0,42.0,42.0,41.0,2,2,2026,0,43.0,0.0,0.0,1
2026-02-03,Green Chilli,43,43.0,43.0,43.0,43.0,42.0,42.0,41.0,3,2,2026,1,43.0,0.0,0.0,1
2026-02-04,Green Chilli,43,43.0,43.0,43.0,43.0,42.0,42.0,41.0,4,2,2026,2,43.0,0.0,0.0,1
2026-02-05,Green Chilli,43,43.0,43.0,43.0,43.0,43.0,42.0,41.0,5,2,2026,3,43.0,0.0,0.0,1
2026-02-06,Green Chilli,43,43.0,43.0,43.0,43.0,43.0,42.0,42.0,6,2,2026,4,43.0,0.0,0.0,1
2026-02-07,Green Chilli,43,43.0,43.0,43.0,43.0,43.0,42.0,42.0,7,2,2026,5,43.0,0.0,0.0,1
2026-02-08,Green Chilli,43,43.0,43.0,43.0,43.0,43.0,42.0,42.0,8,2,2026,6,43.0,0.0,0.0,1
2026-02-09,Green Chilli,43,43.0,43.0,43.0,43.0,43.0,42.0,42.0,9,2,2026,0,43.0,0.0,0.0,1
2026-02-10,Green Chilli,43,43.0,43.0,43.0,43.0,43.0,42.0,42.0,10,2,2026,1,43.0,0.0,0.0,1
2026-02-11,Green Chilli,45,43.0,43.0,43.0,43.0,43.0,42.0,42.0,11,2,2026,2,43.285714285714285,0.7559289460184114,0.0,1
2026-02-12,Green Chilli,45,45.0,43.0,43.0,43.0,43.0,43.0,42.0,12,2,2026,3,43.57142857142857,0.9759000729484908,2.0,1
2026-02-13,Green Chilli,45,45.0,45.0,43.0,43.0,43.0,43.0,42.0,13,2,2026,4,43.857142857142854,1.0690449676496503,2.0,1
2026-02-14,Green Chilli,45,45.0,45.0,45.0,43.0,43.0,43.0,42.0,14,2,2026,5,44.142857142857146,1.0690449676496427,2.0,1
2026-02-15,Green Chilli,45,45.0,45.0,45.0,43.0,43.0,43.0,42.0,15,2,2026,6,44.42857142857143,0.9759000729484646,2.0,1
2026-02-16,Green Chilli,45,45.0,45.0,45.0,43.0,43.0,43.0,42.0,16,2,2026,0,44.714285714285715,0.7559289460183558,2.0,1
2026-02-17,Green Chilli,45,45.0,45.0,45.0,43.0,43.0,43.0,42.0,17,2,2026,1,45.0,0.0,2.0,1
2026-02-18,Green Chilli,45,45.0,45.0,45.0,45.0,43.0,43.0,42.0,18,2,2026,2,45.0,0.0,0.0,1
2026-02-19,Green Chilli,45,45.0,45.0,45.0,45.0,43.0,43.0,42.0,19,2,2026,3,45.0,0.0,0.0,1
2026-02-20,Green Chilli,45,45.0,45.0,45.0,45.0,43.0,43.0,42.0,20,2,2026,4,45.0,0.0,0.0,1
2026-02-21,Green Chilli,45,45.0,45.0,45.0,45.0,43.0,43.0,43.0,21,2,2026,5,45.0,0.0,0.0,1
2026-02-22,Green Chilli,45,45.0,45.0,45.0,45.0,43.0,43.0,43.0,22,2,2026,6,45.0,0.0,0.0,1
2026-02-23,Green Chilli,45,45.0,45.0,45.0,45.0,43.0,43.0,43.0,23,2,2026,0,45.0,0.0,0.0,1
2026-02-24,Green Chilli,45,45.0,45.0,45.0,45.0,43.0,43.0,43.0,24,2,2026,1,45.0,0.0,0.0,1
2026-02-25,Green Chilli,45,45.0,45.0,45.0,45.0,45.0,43.0,43.0,25,2,2026,2,45.0,0.0,0.0,1
2026-02-26,Green Chilli,46,45.0,45.0,45.0,45.0,45.0,43.0,43.0,26,2,2026,3,45.142857142857146,0.37796447300899866,0.0,1
2026-02-27,Green Chilli,43,46.0,45.0,45.0,45.0,45.0,43.0,43.0,27,2,2026,4,44.857142857142854,0.8997354108423501,1.0,1
2026-02-28,Green Chilli,48,43.0,46.0,45.0,45.0,45.0,43.0,43.0,28,2,2026,5,45.285714285714285,1.4960264830861298,-2.0,1
2026-03-01,Green Chilli,46,48.0,43.0,46.0,45.0,45.0,43.0,43.0,1,3,2026,6,45.42857142857143,1.5118578920368453,3.0,1
2026-03-02,Green Chilli,47,46.0,48.0,43.0,45.0,45.0,43.0,43.0,2,3,2026,0,45.714285714285715,1.6035674514744813,1.0,1
2026-03-03,Green Chilli,47,47.0,46.0,48.0,45.0,45.0,43.0,43.0,3,3,2026,1,46.0,1.6329931618553841,2.0,1
2026-03-04,Green Chilli,45,47.0,47.0,46.0,45.0,45.0,45.0,43.0,4,3,2026,2,46.0,1.6329931618553841,2.0,1
2026-03-05,Green Chilli,45,45.0,47.0,47.0,46.0,45.0,45.0,43.0,5,3,2026,3,45.857142857142854,1.6761634196949877,-1.0,1
2026-03-06,Green Chilli,47,45.0,45.0,47.0,43.0,45.0,45.0,43.0,6,3,2026,4,46.42857142857143,1.1338934190275725,2.0,1
2026-03-07,Green Chilli,44,47.0,45.0,45.0,48.0,45.0,45.0,43.0,7,3,2026,5,45.857142857142854,1.2149857925878227,-1.0,1
2026-03-08,Green Chilli,42,44.0,47.0,45.0,46.0,45.0,45.0,43.0,8,3,2026,6,45.285714285714285,1.8898223650460884,-2.0,1
2026-03-09,Green Chilli,42,42.0,44.0,47.0,47.0,45.0,45.0,43.0,9,3,2026,0,44.57142857142857,2.0701966780270293,-5.0,1
2026-03-10,Green Chilli,42,42.0,42.0,44.0,47.0,45.0,45.0,43.0,10,3,2026,1,43.857142857142854,1.9518001458970424,-5.0,1
2026-03-11,Green Chilli,42,42.0,42.0,42.0,45.0,45.0,45.0,43.0,11,3,2026,2,43.42857142857143,1.9880595947759934,-3.0,1
2026-03-12,Green Chilli,42,42.0,42.0,42.0,45.0,46.0,45.0,43.0,12,3,2026,3,43.0,1.9148542155126669,-3.0,1
2026-03-13,Green Chilli,40,42.0,42.0,42.0,47.0,43.0,45.0,45.0,13,3,2026,4,42.0,1.1547005383792637,-5.0,1
2026-03-14,Green Chilli,40,40.0,42.0,42.0,44.0,48.0,45.0,45.0,14,3,2026,5,41.42857142857143,0.9759000729485672,-4.0,1
2026-03-15,Green Chilli,44,40.0,40.0,42.0,42.0,46.0,45.0,45.0,15,3,2026,6,41.714285714285715,1.3801311186847252,-2.0,1
2026-03-16,Green Chilli,44,44.0,40.0,40.0,42.0,47.0,45.0,45.0,16,3,2026,0,42.0,1.6329931618554605,2.0,1
2026-03-17,Green Chilli,45,44.0,44.0,40.0,42.0,47.0,45.0,45.0,17,3,2026,1,42.42857142857143,1.988059594776009,2.0,1
2026-03-18,Green Chilli,45,45.0,44.0,44.0,42.0,45.0,45.0,45.0,18,3,2026,2,42.857142857142854,2.1930626551751264,3.0,1
2026-03-19,Green Chilli,46,45.0,45.0,44.0,42.0,45.0,46.0,45.0,19,3,2026,3,43.42857142857143,2.4397501823713177,3.0,1
2026-03-20,Green Chilli,46,46.0,45.0,45.0,40.0,47.0,43.0,45.0,20,3,2026,4,44.285714285714285,2.0586634591635184,6.0,1
2026-03-21,Green Chilli,46,46.0,46.0,45.0,40.0,44.0,48.0,45.0,21,3,2026,5,45.142857142857146,0.8997354108423338,6.0,1
2026-03-22,Green Chilli,46,46.0,46.0,46.0,44.0,42.0,46.0,45.0,22,3,2026,6,45.42857142857143,0.7867957924693141,2.0,1
2026-03-23,Green Chilli,58,46.0,46.0,46.0,44.0,42.0,47.0,45.0,23,3,2026,0,47.42857142857143,4.685336802448746,2.0,1
2026-03-24,Green Chilli,59,58.0,46.0,46.0,45.0,42.0,47.0,45.0,24,3,2026,1,49.42857142857143,6.2144225491229035,13.0,1
2026-03-25,Green Chilli,53,59.0,58.0,46.0,45.0,42.0,45.0,45.0,25,3,2026,2,50.57142857142857,5.9960304329098,14.0,1
2026-03-26,Green Chilli,53,53.0,59.0,58.0,46.0,42.0,45.0,45.0,26,3,2026,3,51.57142857142857,5.682051943243195,7.0,1
2026-03-27,Green Chilli,53,53.0,53.0,59.0,46.0,40.0,47.0,45.0,27,3,2026,4,52.57142857142857,5.126959555693191,7.0,1
2026-03-28,Green Chilli,53,53.0,53.0,53.0,46.0,40.0,44.0,46.0,28,3,2026,5,53.57142857142857,4.237025012007877,7.0,1
2026-03-29,Green Chilli,58,53.0,53.0,53.0,46.0,44.0,42.0,43.0,29,3,2026,6,55.285714285714285,2.870208222079812,7.0,1
2026-03-30,Green Chilli,58,58.0,53.0,53.0,58.0,44.0,42.0,48.0,30,3,2026,0,55.285714285714285,2.870208222079812,0.0,1
2026-03-31,Green Chilli,58,58.0,58.0,53.0,59.0,45.0,42.0,46.0,31,3,2026,1,55.142857142857146,2.6726124191241176,-1.0,1
2026-04-01,Green Chilli,48,58.0,58.0,58.0,53.0,45.0,42.0,47.0,1,4,2026,2,54.42857142857143,3.779644730092188,5.0,1
2026-04-02,Green Chilli,48,48.0,58.0,58.0,53.0,46.0,42.0,47.0,2,4,2026,3,53.714285714285715,4.49867705421212,-5.0,1
2026-04-03,Green Chilli,48,48.0,48.0,58.0,53.0,46.0,40.0,45.0,3,4,2026,4,53.0,4.999999999999943,-5.0,1
2026-04-04,Green Chilli,48,48.0,48.0,48.0,53.0,46.0,40.0,45.0,4,4,2026,5,52.285714285714285,5.3452248382484395,-5.0,1
2026-04-05,Green Chilli,48,48.0,48.0,48.0,58.0,46.0,44.0,47.0,5,4,2026,6,50.857142857142854,4.879500364742622,-10.0,1
2026-04-06,Green Chilli,48,48.0,48.0,48.0,58.0,58.0,44.0,44.0,6,4,2026,0,49.42857142857143,3.7796447300922273,-10.0,1
2026-04-07,Green Chilli,53,48.0,48.0,48.0,58.0,59.0,45.0,42.0,7,4,2026,1,48.714285714285715,1.8898223650460595,-10.0,1
2026-04-08,Green Chilli,53,53.0,48.0,48.0,48.0,53.0,45.0,42.0,8,4,2026,2,49.42857142857143,2.439750182371263,5.0,1
2026-04-09,Green Chilli,64,53.0,53.0,48.0,48.0,53.0,46.0,42.0,9,4,2026,3,51.714285714285715,5.90802521192669,5.0,1
2026-04-10,Green Chilli,64,64.0,53.0,53.0,48.0,53.0,46.0,42.0,10,4,2026,4,54.0,7.187952884282562,16.0,1
2026-04-11,Green Chilli,55,64.0,64.0,53.0,48.0,53.0,46.0,42.0,11,4,2026,5,55.0,6.683312551921084,16.0,1
2026-04-12,Green Chilli,55,55.0,64.0,64.0,48.0,58.0,46.0,40.0,12,4,2026,6,56.0,5.944184833375599,7.0,1
2026-04-13,Green Chilli,55,55.0,55.0,64.0,48.0,58.0,58.0,40.0,13,4,2026,0,57.0,4.86483983977538,7.0,1
2026-04-14,Green Chilli,62,55.0,55.0,55.0,53.0,58.0,59.0,44.0,14,4,2026,1,58.285714285714285,4.8205907561308505,2.0,1
2025-11-16,Onion Big,28,28.0,28.0,28.0,23.0,25.0,26.0,25.0,16,11,2025,6,25.857142857142858,2.672612419124241,5.0,2
2025-11-17,Onion Big,28,28.0,28.0,28.0,23.0,25.0,26.0,26.0,17,11,2025,0,26.571428571428573,2.4397501823713283,5.0,2
2025-11-18,Onion Big,28,28.0,28.0,28.0,23.0,25.0,26.0,26.0,18,11,2025,1,27.285714285714285,1.8898223650461283,5.0,2
2025-11-19,Onion Big,28,28.0,28.0,28.0,23.0,25.0,26.0,26.0,19,11,2025,2,28.0,0.0,5.0,2
2025-11-20,Onion Big,28,28.0,28.0,28.0,28.0,25.0,25.0,26.0,20,11,2025,3,28.0,0.0,0.0,2
2025-11-21,Onion Big,28,28.0,28.0,28.0,28.0,23.0,25.0,26.0,21,11,2025,4,28.0,0.0,0.0,2
2025-11-22,Onion Big,28,28.0,28.0,28.0,28.0,23.0,25.0,26.0,22,11,2025,5,28.0,0.0,0.0,2
2025-11-23,Onion Big,28,28.0,28.0,28.0,28.0,23.0,25.0,26.0,23,11,2025,6,28.0,0.0,0.0,2
2025-11-24,Onion Big,28,28.0,28.0,28.0,28.0,23.0,25.0,26.0,24,11,2025,0,28.0,0.0,0.0,2
2025-11-25,Onion Big,28,28.0,28.0,28.0,28.0,23.0,25.0,26.0,25,11,2025,1,28.0,0.0,0.0,2
2025-11-26,Onion Big,28,28.0,28.0,28.0,28.0,23.0,25.0,26.0,26,11,2025,2,28.0,0.0,0.0,2
2025-11-27,Onion Big,28,28.0,28.0,28.0,28.0,28.0,25.0,26.0,27,11,2025,3,28.0,0.0,0.0,2
2025-11-28,Onion Big,30,28.0,28.0,28.0,28.0,28.0,23.0,26.0,28,11,2025,4,28.285714285714285,0.7559289460184309,0.0,2
2025-11-29,Onion Big,30,30.0,28.0,28.0,28.0,28.0,23.0,25.0,29,11,2025,5,28.571428571428573,0.9759000729485143,2.0,2
2025-11-30,Onion Big,30,30.0,30.0,28.0,28.0,28.0,23.0,25.0,30,11,2025,6,28.857142857142858,1.06904496764968,2.0,2
2025-12-01,Onion Big,30,30.0,30.0,30.0,28.0,28.0,23.0,25.0,1,12,2025,0,29.142857142857142,1.06904496764968,2.0,2
2025-12-02,Onion Big,30,30.0,30.0,30.0,28.0,28.0,23.0,25.0,2,12,2025,1,29.428571428571427,0.9759000729485143,2.0,2
2025-12-03,Onion Big,30,30.0,30.0,30.0,28.0,28.0,23.0,25.0,3,12,2025,2,29.714285714285715,0.7559289460184309,2.0,2
2025-12-04,Onion Big,28,30.0,30.0,30.0,28.0,28.0,28.0,25.0,4,12,2025,3,29.714285714285715,0.7559289460184309,2.0,2
2025-12-05,Onion Big,28,28.0,30.0,30.0,30.0,28.0,28.0,25.0,5,12,2025,4,29.428571428571427,0.9759000729485143,-2.0,2
2025-12-06,Onion Big,28,28.0,28.0,30.0,30.0,28.0,28.0,25.0,6,12,2025,5,29.142857142857142,1.06904496764968,-2.0,2
2025-12-07,Onion Big,28,28.0,28.0,28.0,30.0,28.0,28.0,23.0,7,12,2025,6,28.857142857142858,1.06904496764968,-2.0,2
2025-12-08,Onion Big,28,28.0,28.0,28.0,30.0,28.0,28.0,23.0,8,12,2025,0,28.571428571428573,0.9759000729485143,-2.0,2
2025-12-09,Onion Big,28,28.0,28.0,28.0,30.0,28.0,28.0,23.0,9,12,2025,1,28.285714285714285,0.7559289460184309,-2.0,2
2025-12-10,Onion Big,28,28.0,28.0,28.0,30.0,28.0,28.0,23.0,10,12,2025,2,28.0,0.0,-2.0,2
2025-12-11,Onion Big,29,28.0,28.0,28.0,28.0,28.0,28.0,23.0,11,12,2025,3,28.142857142857142,0.37796447300918123,0.0,2
2025-12-12,Onion Big,29,29.0,28.0,28.0,28.0,30.0,28.0,23.0,12,12,2025,4,28.285714285714285,0.48795003647422985,1.0,2
2025-12-13,Onion Big,29,29.0,29.0,28.0,28.0,30.0,28.0,28.0,13,12,2025,5,28.428571428571427,0.5345224838248146,1.0,2
2025-12-14,Onion Big,29,29.0,29.0,29.0,28.0,30.0,28.0,28.0,14,12,2025,6,28.571428571428573,0.5345224838248138,1.0,2
2025-12-15,Onion Big,29,29.0,29.0,29.0,28.0,30.0,28.0,28.0,15,12,2025,0,28.714285714285715,0.48795003647422786,1.0,2
2025-12-16,Onion Big,29,29.0,29.0,29.0,28.0,30.0,28.0,28.0,16,12,2025,1,28.857142857142858,0.37796447300917657,1.0,2
2025-12-17,Onion Big,29,29.0,29.0,29.0,28.0,30.0,28.0,28.0,17,12,2025,2,29.0,0.0,1.0,2
2025-12-18,Onion Big,29,29.0,29.0,29.0,29.0,28.0,28.0,28.0,18,12,2025,3,29.0,0.0,0.0,2
2025-12-19,Onion Big,29,29.0,29.0,29.0,29.0,28.0,30.0,28.0,19,12,2025,4,29.0,0.0,0.0,2
2025-12-20,Onion Big,29,29.0,29.0,29.0,29.0,28.0,30.0,28.0,20,12,2025,5,29.0,0.0,0.0,2
2025-12-21,Onion Big,29,29.0,29.0,29.0,29.0,28.0,30.0,28.0,21,12,2025,6,29.0,0.0,0.0,2
2025-12-22,Onion Big,29,29.0,29.0,29.0,29.0,28.0,30.0,28.0,22,12,2025,0,29.0,0.0,0.0,2
2025-12-23,Onion Big,29,29.0,29.0,29.0,29.0,28.0,30.0,28.0,23,12,2025,1,29.0,0.0,0.0,2
2025-12-24,Onion Big,29,29.0,29.0,29.0,29.0,28.0,30.0,28.0,24,12,2025,2,29.0,0.0,0.0,2
2025-12-25,Onion Big,29,29.0,29.0,29.0,29.0,29.0,28.0,28.0,25,12,2025,3,29.0,0.0,0.0,2
2025-12-26,Onion Big,32,29.0,29.0,29.0,29.0,29.0,28.0,28.0,26,12,2025,4,29.428571428571427,1.133893419027665,0.0,2
2025-12-27,Onion Big,32,32.0,29.0,29.0,29.0,29.0,28.0,28.0,27,12,2025,5,29.857142857142858,1.463850109422787,3.0,2
2025-12-28,Onion Big,32,32.0,32.0,29.0,29.0,29.0,28.0,30.0,28,12,2025,6,30.285714285714285,1.6035674514745346,3.0,2
2025-12-29,Onion Big,32,32.0,32.0,32.0,29.0,29.0,28.0,30.0,29,12,2025,0,30.714285714285715,1.6035674514745346,3.0,2
2025-12-30,Onion Big,32,32.0,32.0,32.0,29.0,29.0,28.0,30.0,30,12,2025,1,31.142857142857142,1.463850109422787,3.0,2
2025-12-31,Onion Big,32,32.0,32.0,32.0,29.0,29.0,28.0,30.0,31,12,2025,2,31.571428571428573,1.133893419027665,3.0,2
2026-01-01,Onion Big,32,32.0,32.0,32.0,29.0,29.0,29.0,30.0,1,1,2026,3,32.0,0.0,3.0,2
2026-01-02,Onion Big,32,32.0,32.0,32.0,32.0,29.0,29.0,30.0,2,1,2026,4,32.0,0.0,0.0,2
2026-01-03,Onion Big,32,32.0,32.0,32.0,32.0,29.0,29.0,28.0,3,1,2026,5,32.0,0.0,0.0,2
2026-01-04,Onion Big,32,32.0,32.0,32.0,32.0,29.0,29.0,28.0,4,1,2026,6,32.0,0.0,0.0,2
2026-01-05,Onion Big,32,32.0,32.0,32.0,32.0,29.0,29.0,28.0,5,1,2026,0,32.0,0.0,0.0,2
2026-01-06,Onion Big,32,32.0,32.0,32.0,32.0,29.0,29.0,28.0,6,1,2026,1,32.0,0.0,0.0,2
2026-01-07,Onion Big,32,32.0,32.0,32.0,32.0,29.0,29.0,28.0,7,1,2026,2,32.0,0.0,0.0,2
2026-01-08,Onion Big,32,32.0,32.0,32.0,32.0,29.0,29.0,28.0,8,1,2026,3,32.0,0.0,0.0,2
2026-01-09,Onion Big,32,32.0,32.0,32.0,32.0,32.0,29.0,28.0,9,1,2026,4,32.0,0.0,0.0,2
2026-01-10,Onion Big,32,32.0,32.0,32.0,32.0,32.0,29.0,29.0,10,1,2026,5,32.0,0.0,0.0,2
2026-01-11,Onion Big,32,32.0,32.0,32.0,32.0,32.0,29.0,29.0,11,1,2026,6,32.0,0.0,0.0,2
2026-01-12,Onion Big,32,32.0,32.0,32.0,32.0,32.0,29.0,29.0,12,1,2026,0,32.0,0.0,0.0,2
2026-01-13,Onion Big,32,32.0,32.0,32.0,32.0,32.0,29.0,29.0,13,1,2026,1,32.0,0.0,0.0,2
2026-01-14,Onion Big,32,32.0,32.0,32.0,32.0,32.0,29.0,29.0,14,1,2026,2,32.0,0.0,0.0,2
2026-01-15,Onion Big,32,32.0,32.0,32.0,32.0,32.0,29.0,29.0,15,1,2026,3,32.0,0.0,0.0,2
2026-01-16,Onion Big,32,32.0,32.0,32.0,32.0,32.0,32.0,29.0,16,1,2026,4,32.0,0.0,0.0,2
2026-01-17,Onion Big,32,32.0,32.0,32.0,32.0,32.0,32.0,29.0,17,1,2026,5,32.0,0.0,0.0,2
2026-01-18,Onion Big,32,32.0,32.0,32.0,32.0,32.0,32.0,29.0,18,1,2026,6,32.0,0.0,0.0,2
2026-01-19,Onion Big,32,32.0,32.0,32.0,32.0,32.0,32.0,29.0,19,1,2026,0,32.0,0.0,0.0,2
2026-01-20,Onion Big,32,32.0,32.0,32.0,32.0,32.0,32.0,29.0,20,1,2026,1,32.0,0.0,0.0,2
2026-01-21,Onion Big,32,32.0,32.0,32.0,32.0,32.0,32.0,29.0,21,1,2026,2,32.0,0.0,0.0,2
2026-01-22,Onion Big,35,32.0,32.0,32.0,32.0,32.0,32.0,29.0,22,1,2026,3,32.42857142857143,1.1338934190276644,0.0,2
2026-01-23,Onion Big,35,35.0,32.0,32.0,32.0,32.0,32.0,29.0,23,1,2026,4,32.857142857142854,1.4638501094227867,3.0,2
2026-01-24,Onion Big,35,35.0,35.0,32.0,32.0,32.0,32.0,29.0,24,1,2026,5,33.285714285714285,1.6035674514745346,3.0,2
2026-01-25,Onion Big,35,35.0,35.0,35.0,32.0,32.0,32.0,32.0,25,1,2026,6,33.714285714285715,1.6035674514745346,3.0,2
2026-01-26,Onion Big,35,35.0,35.0,35.0,32.0,32.0,32.0,32.0,26,1,2026,0,34.142857142857146,1.4638501094227867,3.0,2
2026-01-27,Onion Big,35,35.0,35.0,35.0,32.0,32.0,32.0,32.0,27,1,2026,1,34.57142857142857,1.1338934190276644,3.0,2
2026-01-28,Onion Big,35,35.0,35.0,35.0,32.0,32.0,32.0,32.0,28,1,2026,2,35.0,0.0,3.0,2
2026-01-29,Onion Big,35,35.0,35.0,35.0,35.0,32.0,32.0,32.0,29,1,2026,3,35.0,0.0,0.0,2
2026-01-30,Onion Big,35,35.0,35.0,35.0,35.0,32.0,32.0,32.0,30,1,2026,4,35.0,0.0,0.0,2
2026-01-31,Onion Big,35,35.0,35.0,35.0,35.0,32.0,32.0,32.0,31,1,2026,5,35.0,0.0,0.0,2
2026-02-01,Onion Big,35,35.0,35.0,35.0,35.0,32.0,32.0,32.0,1,2,2026,6,35.0,0.0,0.0,2
2026-02-02,Onion Big,35,35.0,35.0,35.0,35.0,32.0,32.0,32.0,2,2,2026,0,35.0,0.0,0.0,2
2026-02-03,Onion Big,35,35.0,35.0,35.0,35.0,32.0,32.0,32.0,3,2,2026,1,35.0,0.0,0.0,2
2026-02-04,Onion Big,35,35.0,35.0,35.0,35.0,32.0,32.0,32.0,4,2,2026,2,35.0,0.0,0.0,2
2026-02-05,Onion Big,35,35.0,35.0,35.0,35.0,35.0,32.0,32.0,5,2,2026,3,35.0,0.0,0.0,2
2026-02-06,Onion Big,35,35.0,35.0,35.0,35.0,35.0,32.0,32.0,6,2,2026,4,35.0,0.0,0.0,2
2026-02-07,Onion Big,35,35.0,35.0,35.0,35.0,35.0,32.0,32.0,7,2,2026,5,35.0,0.0,0.0,2
2026-02-08,Onion Big,35,35.0,35.0,35.0,35.0,35.0,32.0,32.0,8,2,2026,6,35.0,0.0,0.0,2
2026-02-09,Onion Big,35,35.0,35.0,35.0,35.0,35.0,32.0,32.0,9,2,2026,0,35.0,0.0,0.0,2
2026-02-10,Onion Big,35,35.0,35.0,35.0,35.0,35.0,32.0,32.0,10,2,2026,1,35.0,0.0,0.0,2
2026-02-11,Onion Big,32,35.0,35.0,35.0,35.0,35.0,32.0,32.0,11,2,2026,2,34.57142857142857,1.1338934190276644,0.0,2
2026-02-12,Onion Big,32,32.0,35.0,35.0,35.0,35.0,35.0,32.0,12,2,2026,3,34.142857142857146,1.4638501094227867,-3.0,2
2026-02-13,Onion Big,32,32.0,32.0,35.0,35.0,35.0,35.0,32.0,13,2,2026,4,33.714285714285715,1.6035674514745346,-3.0,2
2026-02-14,Onion Big,32,32.0,32.0,32.0,35.0,35.0,35.0,32.0,14,2,2026,5,33.285714285714285,1.6035674514745346,-3.0,2
2026-02-15,Onion Big,32,32.0,32.0,32.0,35.0,35.0,35.0,32.0,15,2,2026,6,32.857142857142854,1.4638501094227867,-3.0,2
2026-02-16,Onion Big,32,32.0,32.0,32.0,35.0,35.0,35.0,32.0,16,2,2026,0,32.42857142857143,1.1338934190276644,-3.0,2
2026-02-17,Onion Big,32,32.0,32.0,32.0,35.0,35.0,35.0,32.0,17,2,2026,1,32.0,0.0,-3.0,2
2026-02-18,Onion Big,32,32.0,32.0,32.0,32.0,35.0,35.0,32.0,18,2,2026,2,32.0,0.0,0.0,2
2026-02-19,Onion Big,32,32.0,32.0,32.0,32.0,35.0,35.0,32.0,19,2,2026,3,32.0,0.0,0.0,2
2026-02-20,Onion Big,32,32.0,32.0,32.0,32.0,35.0,35.0,32.0,20,2,2026,4,32.0,0.0,0.0,2
2026-02-21,Onion Big,32,32.0,32.0,32.0,32.0,35.0,35.0,35.0,21,2,2026,5,32.0,0.0,0.0,2
2026-02-22,Onion Big,32,32.0,32.0,32.0,32.0,35.0,35.0,35.0,22,2,2026,6,32.0,0.0,0.0,2
2026-02-23,Onion Big,32,32.0,32.0,32.0,32.0,35.0,35.0,35.0,23,2,2026,0,32.0,0.0,0.0,2
2026-02-24,Onion Big,32,32.0,32.0,32.0,32.0,35.0,35.0,35.0,24,2,2026,1,32.0,0.0,0.0,2
2026-02-25,Onion Big,32,32.0,32.0,32.0,32.0,32.0,35.0,35.0,25,2,2026,2,32.0,0.0,0.0,2
2026-02-26,Onion Big,36,32.0,32.0,32.0,32.0,32.0,35.0,35.0,26,2,2026,3,32.57142857142857,1.5118578920368966,0.0,2
2026-02-27,Onion Big,32,36.0,32.0,32.0,32.0,32.0,35.0,35.0,27,2,2026,4,32.57142857142857,1.5118578920368966,4.0,2
2026-02-28,Onion Big,32,32.0,36.0,32.0,32.0,32.0,35.0,35.0,28,2,2026,5,32.57142857142857,1.5118578920368966,0.0,2
2026-03-01,Onion Big,34,32.0,32.0,36.0,32.0,32.0,35.0,35.0,1,3,2026,6,32.857142857142854,1.573591584938875,0.0,2
2026-03-02,Onion Big,31,34.0,32.0,32.0,32.0,32.0,35.0,35.0,2,3,2026,0,32.714285714285715,1.7043362064926832,2.0,2
2026-03-03,Onion Big,31,31.0,34.0,32.0,32.0,32.0,35.0,35.0,3,3,2026,1,32.57142857142857,1.8126539343499224,-1.0,2
2026-03-04,Onion Big,32,31.0,31.0,34.0,32.0,32.0,32.0,35.0,4,3,2026,2,32.57142857142857,1.8126539343499224,-1.0,2
2026-03-05,Onion Big,32,32.0,31.0,31.0,36.0,32.0,32.0,35.0,5,3,2026,3,32.0,0.9999999999999872,-4.0,2
2026-03-06,Onion Big,33,32.0,32.0,31.0,32.0,32.0,32.0,35.0,6,3,2026,4,32.142857142857146,1.069044967649685,0.0,2
2026-03-07,Onion Big,26,33.0,32.0,32.0,32.0,32.0,32.0,35.0,7,3,2026,5,31.285714285714285,2.563479777846619,1.0,2
2026-03-08,Onion Big,24,26.0,33.0,32.0,34.0,32.0,32.0,35.0,8,3,2026,6,29.857142857142858,3.4364987719368965,-8.0,2
2026-03-09,Onion Big,24,24.0,26.0,33.0,31.0,32.0,32.0,35.0,9,3,2026,0,28.857142857142858,4.017817460121494,-7.0,2
2026-03-10,Onion Big,24,24.0,24.0,26.0,31.0,32.0,32.0,35.0,10,3,2026,1,27.857142857142858,4.259443290250163,-7.0,2
2026-03-11,Onion Big,20,24.0,24.0,24.0,32.0,32.0,32.0,35.0,11,3,2026,2,26.142857142857142,4.7056197405716,-8.0,2
2026-03-12,Onion Big,20,20.0,24.0,24.0,32.0,36.0,32.0,35.0,12,3,2026,3,24.428571428571427,4.391550328268398,-12.0,2
2026-03-13,Onion Big,22,20.0,20.0,24.0,33.0,32.0,32.0,32.0,13,3,2026,4,22.857142857142858,2.26778683805536,-13.0,2
2026-03-14,Onion Big,22,22.0,20.0,20.0,26.0,32.0,32.0,32.0,14,3,2026,5,22.285714285714285,1.7994708216848707,-4.0,2
2026-03-15,Onion Big,22,22.0,22.0,20.0,24.0,34.0,32.0,32.0,15,3,2026,6,22.0,1.6329931618554483,-2.0,2
2026-03-16,Onion Big,22,22.0,22.0,22.0,24.0,31.0,32.0,32.0,16,3,2026,0,21.714285714285715,1.3801311186847047,-2.0,2
2026-03-17,Onion Big,22,22.0,22.0,22.0,24.0,31.0,32.0,32.0,17,3,2026,1,21.428571428571427,0.9759000729485297,-2.0,2
2026-03-18,Onion Big,22,22.0,22.0,22.0,20.0,32.0,32.0,32.0,18,3,2026,2,21.714285714285715,0.7559289460184477,2.0,2
2026-03-19,Onion Big,21,22.0,22.0,22.0,20.0,32.0,36.0,32.0,19,3,2026,3,21.857142857142858,0.3779644730092122,2.0,2
2026-03-20,Onion Big,21,21.0,22.0,22.0,22.0,33.0,32.0,32.0,20,3,2026,4,21.714285714285715,0.4879500364742578,-1.0,2
2026-03-21,Onion Big,20,21.0,21.0,22.0,22.0,26.0,32.0,32.0,21,3,2026,5,21.428571428571427,0.7867957924694404,-1.0,2
2026-03-22,Onion Big,20,20.0,21.0,21.0,22.0,24.0,34.0,32.0,22,3,2026,6,21.142857142857142,0.899735410842437,-2.0,2
2026-03-23,Onion Big,22,20.0,20.0,21.0,22.0,24.0,31.0,32.0,23,3,2026,0,21.142857142857142,0.899735410842437,-2.0,2
2026-03-24,Onion Big,18,22.0,20.0,20.0,22.0,24.0,31.0,32.0,24,3,2026,1,20.571428571428573,1.3972762620115464,0.0,2
2026-03-25,Onion Big,23,18.0,22.0,20.0,22.0,20.0,32.0,32.0,25,3,2026,2,20.714285714285715,1.603567451474548,-4.0,2
2026-03-26,Onion Big,23,23.0,18.0,22.0,21.0,20.0,32.0,32.0,26,3,2026,3,21.0,1.8257418583505545,2.0,2
2026-03-27,Onion Big,23,23.0,23.0,18.0,21.0,22.0,33.0,32.0,27,3,2026,4,21.285714285714285,1.9760470401187076,2.0,2
2026-03-28,Onion Big,23,23.0,23.0,23.0,20.0,22.0,26.0,36.0,28,3,2026,5,21.714285714285715,1.9760470401187067,3.0,2
2026-03-29,Onion Big,20,23.0,23.0,23.0,20.0,22.0,24.0,32.0,29,3,2026,6,21.714285714285715,1.9760470401187067,3.0,2
2026-03-30,Onion Big,20,20.0,23.0,23.0,22.0,22.0,24.0,32.0,30,3,2026,0,21.428571428571427,2.0701966780270626,-2.0,2
2026-03-31,Onion Big,23,20.0,20.0,23.0,18.0,22.0,24.0,34.0,31,3,2026,1,22.142857142857142,1.4638501094227967,2.0,2
2026-04-01,Onion Big,19,23.0,20.0,20.0,23.0,22.0,20.0,31.0,1,4,2026,2,21.571428571428573,1.812653934349931,0.0,2
2026-04-02,Onion Big,19,19.0,23.0,20.0,23.0,21.0,20.0,31.0,2,4,2026,3,21.0,1.9148542155126773,-4.0,2
2026-04-03,Onion Big,19,19.0,19.0,23.0,23.0,21.0,22.0,32.0,3,4,2026,4,20.428571428571427,1.8126539343499342,-4.0,2
2026-04-04,Onion Big,19,19.0,19.0,19.0,23.0,20.0,22.0,32.0,4,4,2026,5,19.857142857142858,1.4638501094228058,-4.0,2
2026-04-05,Onion Big,19,19.0,19.0,19.0,20.0,20.0,22.0,33.0,5,4,2026,6,19.714285714285715,1.496026483086198,-1.0,2
2026-04-06,Onion Big,19,19.0,19.0,19.0,20.0,22.0,22.0,26.0,6,4,2026,0,19.571428571428573,1.5118578920369166,-1.0,2
2026-04-07,Onion Big,23,19.0,19.0,19.0,23.0,18.0,22.0,24.0,7,4,2026,1,19.571428571428573,1.5118578920369166,-4.0,2
2026-04-08,Onion Big,23,23.0,19.0,19.0,19.0,23.0,22.0,24.0,8,4,2026,2,20.142857142857142,1.9518001458970688,4.0,2
2026-04-09,Onion Big,19,23.0,23.0,19.0,19.0,23.0,21.0,24.0,9,4,2026,3,20.142857142857142,1.9518001458970688,4.0,2
2026-04-10,Onion Big,19,19.0,23.0,23.0,19.0,23.0,21.0,20.0,10,4,2026,4,20.142857142857142,1.9518001458970688,0.0,2
2026-04-11,Onion Big,19,19.0,19.0,23.0,19.0,23.0,20.0,20.0,11,4,2026,5,20.142857142857142,1.9518001458970688,0.0,2
2026-04-12,Onion Big,19,19.0,19.0,19.0,19.0,20.0,20.0,22.0,12,4,2026,6,20.142857142857142,1.9518001458970688,0.0,2
2026-04-13,Onion Big,19,19.0,19.0,19.0,19.0,20.0,22.0,22.0,13,4,2026,0,20.142857142857142,1.9518001458970688,0.0,2
2026-04-14,Onion Big,17,19.0,19.0,19.0,23.0,23.0,18.0,22.0,14,4,2026,1,19.285714285714285,1.799470821684883,-4.0,2
2025-11-16,Onion Small,46,46.0,46.0,46.0,45.0,48.0,47.0,47.0,16,11,2025,6,45.57142857142857,0.5345224838248631,1.0,3
2025-11-17,Onion Small,46,46.0,46.0,46.0,45.0,48.0,47.0,46.0,17,11,2025,0,45.714285714285715,0.4879500364742764,1.0,3
2025-11-18,Onion Small,46,46.0,46.0,46.0,45.0,48.0,47.0,46.0,18,11,2025,1,45.857142857142854,0.37796447300923364,1.0,3
2025-11-19,Onion Small,46,46.0,46.0,46.0,45.0,48.0,47.0,46.0,19,11,2025,2,46.0,0.0,1.0,3
2025-11-20,Onion Small,46,46.0,46.0,46.0,46.0,48.0,48.0,46.0,20,11,2025,3,46.0,0.0,0.0,3
2025-11-21,Onion Small,46,46.0,46.0,46.0,46.0,45.0,48.0,46.0,21,11,2025,4,46.0,0.0,0.0,3
2025-11-22,Onion Small,48,46.0,46.0,46.0,46.0,45.0,48.0,47.0,22,11,2025,5,46.285714285714285,0.7559289460184495,0.0,3
2025-11-23,Onion Small,48,48.0,46.0,46.0,46.0,45.0,48.0,47.0,23,11,2025,6,46.57142857142857,0.9759000729485248,2.0,3
2025-11-24,Onion Small,48,48.0,48.0,46.0,46.0,45.0,48.0,47.0,24,11,2025,0,46.857142857142854,1.0690449676496865,2.0,3
2025-11-25,Onion Small,48,48.0,48.0,48.0,46.0,45.0,48.0,47.0,25,11,2025,1,47.142857142857146,1.069044967649683,2.0,3
2025-11-26,Onion Small,48,48.0,48.0,48.0,46.0,45.0,48.0,47.0,26,11,2025,2,47.42857142857143,0.9759000729485141,2.0,3
2025-11-27,Onion Small,48,48.0,48.0,48.0,46.0,46.0,48.0,47.0,27,11,2025,3,47.714285714285715,0.7559289460184255,2.0,3
2025-11-28,Onion Small,49,48.0,48.0,48.0,46.0,46.0,45.0,47.0,28,11,2025,4,48.142857142857146,0.37796447300916125,2.0,3
2025-11-29,Onion Small,49,49.0,48.0,48.0,48.0,46.0,45.0,48.0,29,11,2025,5,48.285714285714285,0.48795003647421387,1.0,3
2025-11-30,Onion Small,49,49.0,49.0,48.0,48.0,46.0,45.0,48.0,30,11,2025,6,48.42857142857143,0.5345224838247981,1.0,3
2025-12-01,Onion Small,49,49.0,49.0,49.0,48.0,46.0,45.0,48.0,1,12,2025,0,48.57142857142857,0.5345224838247945,1.0,3
2025-12-02,Onion Small,49,49.0,49.0,49.0,48.0,46.0,45.0,48.0,2,12,2025,1,48.714285714285715,0.4879500364742036,1.0,3
2025-12-03,Onion Small,49,49.0,49.0,49.0,48.0,46.0,45.0,48.0,3,12,2025,2,48.857142857142854,0.3779644730091422,1.0,3
2025-12-04,Onion Small,50,49.0,49.0,49.0,48.0,46.0,46.0,48.0,4,12,2025,3,49.142857142857146,0.37796447300913216,1.0,3
2025-12-05,Onion Small,50,50.0,49.0,49.0,49.0,46.0,46.0,48.0,5,12,2025,4,49.285714285714285,0.48795003647418905,1.0,3
2025-12-06,Onion Small,50,50.0,50.0,49.0,49.0,48.0,46.0,48.0,6,12,2025,5,49.42857142857143,0.5345224838247734,1.0,3
2025-12-07,Onion Small,50,50.0,50.0,50.0,49.0,48.0,46.0,45.0,7,12,2025,6,49.57142857142857,0.5345224838247677,1.0,3
2025-12-08,Onion Small,50,50.0,50.0,50.0,49.0,48.0,46.0,45.0,8,12,2025,0,49.714285714285715,0.487950036474172,1.0,3
2025-12-09,Onion Small,50,50.0,50.0,50.0,49.0,48.0,46.0,45.0,9,12,2025,1,49.857142857142854,0.3779644730090988,1.0,3
2025-12-10,Onion Small,50,50.0,50.0,50.0,49.0,48.0,46.0,45.0,10,12,2025,2,50.0,0.0,1.0,3
2025-12-11,Onion Small,49,50.0,50.0,50.0,50.0,48.0,46.0,45.0,11,12,2025,3,49.857142857142854,0.3779644730090988,0.0,3
2025-12-12,Onion Small,49,49.0,50.0,50.0,50.0,49.0,46.0,45.0,12,12,2025,4,49.714285714285715,0.48795003647416996,-1.0,3
2025-12-13,Onion Small,49,49.0,49.0,50.0,50.0,49.0,48.0,46.0,13,12,2025,5,49.57142857142857,0.5345224838247639,-1.0,3
2025-12-14,Onion Small,49,49.0,49.0,49.0,50.0,49.0,48.0,46.0,14,12,2025,6,49.42857142857143,0.5345224838247674,-1.0,3
2025-12-15,Onion Small,49,49.0,49.0,49.0,50.0,49.0,48.0,46.0,15,12,2025,0,49.285714285714285,0.4879500364741802,-1.0,3
2025-12-16,Onion Small,49,49.0,49.0,49.0,50.0,49.0,48.0,46.0,16,12,2025,1,49.142857142857146,0.37796447300911784,-1.0,3
2025-12-17,Onion Small,49,49.0,49.0,49.0,50.0,49.0,48.0,46.0,17,12,2025,2,49.0,0.0,-1.0,3
2025-12-18,Onion Small,49,49.0,49.0,49.0,49.0,50.0,48.0,46.0,18,12,2025,3,49.0,0.0,0.0,3
2025-12-19,Onion Small,49,49.0,49.0,49.0,49.0,50.0,49.0,46.0,19,12,2025,4,49.0,0.0,0.0,3
2025-12-20,Onion Small,50,49.0,49.0,49.0,49.0,50.0,49.0,46.0,20,12,2025,5,49.142857142857146,0.37796447300911784,0.0,3
2025-12-21,Onion Small,50,50.0,49.0,49.0,49.0,50.0,49.0,46.0,21,12,2025,6,49.285714285714285,0.4879500364741802,1.0,3
2025-12-22,Onion Small,50,50.0,50.0,49.0,49.0,50.0,49.0,48.0,22,12,2025,0,49.42857142857143,0.5345224838247674,1.0,3
2025-12-23,Onion Small,50,50.0,50.0,50.0,49.0,50.0,49.0,48.0,23,12,2025,1,49.57142857142857,0.5345224838247639,1.0,3
2025-12-24,Onion Small,50,50.0,50.0,50.0,49.0,50.0,49.0,48.0,24,12,2025,2,49.714285714285715,0.48795003647416996,1.0,3
2025-12-25,Onion Small,50,50.0,50.0,50.0,49.0,49.0,50.0,48.0,25,12,2025,3,49.857142857142854,0.3779644730090988,1.0,3
2025-12-26,Onion Small,51,50.0,50.0,50.0,49.0,49.0,50.0,48.0,26,12,2025,4,50.142857142857146,0.3779644730090887,1.0,3
2025-12-27,Onion Small,51,51.0,50.0,50.0,50.0,49.0,50.0,48.0,27,12,2025,5,50.285714285714285,0.4879500364741554,1.0,3
2025-12-28,Onion Small,51,51.0,51.0,50.0,50.0,49.0,50.0,49.0,28,12,2025,6,50.42857142857143,0.5345224838247427,1.0,3
2025-12-29,Onion Small,51,51.0,51.0,51.0,50.0,49.0,50.0,49.0,29,12,2025,0,50.57142857142857,0.5345224838247371,1.0,3
2025-12-30,Onion Small,51,51.0,51.0,51.0,50.0,49.0,50.0,49.0,30,12,2025,1,50.714285714285715,0.48795003647413837,1.0,3
2025-12-31,Onion Small,51,51.0,51.0,51.0,50.0,49.0,50.0,49.0,31,12,2025,2,50.857142857142854,0.3779644730090554,1.0,3
2026-01-01,Onion Small,51,51.0,51.0,51.0,50.0,49.0,49.0,49.0,1,1,2026,3,51.0,0.0,1.0,3
2026-01-02,Onion Small,51,51.0,51.0,51.0,51.0,49.0,49.0,49.0,2,1,2026,4,51.0,0.0,0.0,3
2026-01-03,Onion Small,51,51.0,51.0,51.0,51.0,50.0,49.0,50.0,3,1,2026,5,51.0,0.0,0.0,3
2026-01-04,Onion Small,51,51.0,51.0,51.0,51.0,50.0,49.0,50.0,4,1,2026,6,51.0,0.0,0.0,3
2026-01-05,Onion Small,51,51.0,51.0,51.0,51.0,50.0,49.0,50.0,5,1,2026,0,51.0,0.0,0.0,3
2026-01-06,Onion Small,51,51.0,51.0,51.0,51.0,50.0,49.0,50.0,6,1,2026,1,51.0,0.0,0.0,3
2026-01-07,Onion Small,58,51.0,51.0,51.0,51.0,50.0,49.0,50.0,7,1,2026,2,52.0,2.6457513110645596,0.0,3
2026-01-08,Onion Small,58,58.0,51.0,51.0,51.0,50.0,49.0,50.0,8,1,2026,3,53.0,3.415650255319837,7.0,3
2026-01-09,Onion Small,58,58.0,58.0,51.0,51.0,51.0,49.0,50.0,9,1,2026,4,54.0,3.7416573867739102,7.0,3
2026-01-10,Onion Small,58,58.0,58.0,58.0,51.0,51.0,50.0,49.0,10,1,2026,5,55.0,3.7416573867739067,7.0,3
2026-01-11,Onion Small,58,58.0,58.0,58.0,51.0,51.0,50.0,49.0,11,1,2026,6,56.0,3.415650255319823,7.0,3
2026-01-12,Onion Small,58,58.0,58.0,58.0,51.0,51.0,50.0,49.0,12,1,2026,0,57.0,2.6457513110645285,7.0,3
2026-01-13,Onion Small,58,58.0,58.0,58.0,51.0,51.0,50.0,49.0,13,1,2026,1,58.0,0.0,7.0,3
2026-01-14,Onion Small,58,58.0,58.0,58.0,58.0,51.0,50.0,49.0,14,1,2026,2,58.0,0.0,0.0,3
2026-01-15,Onion Small,58,58.0,58.0,58.0,58.0,51.0,50.0,49.0,15,1,2026,3,58.0,0.0,0.0,3
2026-01-16,Onion Small,58,58.0,58.0,58.0,58.0,51.0,51.0,49.0,16,1,2026,4,58.0,0.0,0.0,3
2026-01-17,Onion Small,58,58.0,58.0,58.0,58.0,51.0,51.0,49.0,17,1,2026,5,58.0,0.0,0.0,3
2026-01-18,Onion Small,58,58.0,58.0,58.0,58.0,51.0,51.0,49.0,18,1,2026,6,58.0,0.0,0.0,3
2026-01-19,Onion Small,58,58.0,58.0,58.0,58.0,51.0,51.0,50.0,19,1,2026,0,58.0,0.0,0.0,3
2026-01-20,Onion Small,58,58.0,58.0,58.0,58.0,51.0,51.0,50.0,20,1,2026,1,58.0,0.0,0.0,3
2026-01-21,Onion Small,58,58.0,58.0,58.0,58.0,58.0,51.0,50.0,21,1,2026,2,58.0,0.0,0.0,3
2026-01-22,Onion Small,50,58.0,58.0,58.0,58.0,58.0,51.0,50.0,22,1,2026,3,56.857142857142854,3.023715784073764,0.0,3
2026-01-23,Onion Small,50,50.0,58.0,58.0,58.0,58.0,51.0,50.0,23,1,2026,4,55.714285714285715,3.9036002917940937,-8.0,3
2026-01-24,Onion Small,50,50.0,50.0,58.0,58.0,58.0,51.0,50.0,24,1,2026,5,54.57142857142857,4.276179870598757,-8.0,3
2026-01-25,Onion Small,50,50.0,50.0,50.0,58.0,58.0,51.0,51.0,25,1,2026,6,53.42857142857143,4.276179870598759,-8.0,3
2026-01-26,Onion Small,50,50.0,50.0,50.0,58.0,58.0,51.0,51.0,26,1,2026,0,52.285714285714285,3.903600291794102,-8.0,3
2026-01-27,Onion Small,50,50.0,50.0,50.0,58.0,58.0,51.0,51.0,27,1,2026,1,51.142857142857146,3.0237157840737847,-8.0,3
2026-01-28,Onion Small,50,50.0,50.0,50.0,58.0,58.0,58.0,51.0,28,1,2026,2,50.0,0.0,-8.0,3
2026-01-29,Onion Small,50,50.0,50.0,50.0,50.0,58.0,58.0,51.0,29,1,2026,3,50.0,0.0,0.0,3
2026-01-30,Onion Small,50,50.0,50.0,50.0,50.0,58.0,58.0,51.0,30,1,2026,4,50.0,0.0,0.0,3
2026-01-31,Onion Small,50,50.0,50.0,50.0,50.0,58.0,58.0,51.0,31,1,2026,5,50.0,0.0,0.0,3
2026-02-01,Onion Small,50,50.0,50.0,50.0,50.0,58.0,58.0,51.0,1,2,2026,6,50.0,0.0,0.0,3
2026-02-02,Onion Small,50,50.0,50.0,50.0,50.0,58.0,58.0,51.0,2,2,2026,0,50.0,0.0,0.0,3
2026-02-03,Onion Small,50,50.0,50.0,50.0,50.0,58.0,58.0,51.0,3,2,2026,1,50.0,0.0,0.0,3
2026-02-04,Onion Small,50,50.0,50.0,50.0,50.0,58.0,58.0,51.0,4,2,2026,2,50.0,0.0,0.0,3
2026-02-05,Onion Small,50,50.0,50.0,50.0,50.0,50.0,58.0,51.0,5,2,2026,3,50.0,0.0,0.0,3
2026-02-06,Onion Small,50,50.0,50.0,50.0,50.0,50.0,58.0,58.0,6,2,2026,4,50.0,0.0,0.0,3
2026-02-07,Onion Small,50,50.0,50.0,50.0,50.0,50.0,58.0,58.0,7,2,2026,5,50.0,0.0,0.0,3
2026-02-08,Onion Small,50,50.0,50.0,50.0,50.0,50.0,58.0,58.0,8,2,2026,6,50.0,0.0,0.0,3
2026-02-09,Onion Small,50,50.0,50.0,50.0,50.0,50.0,58.0,58.0,9,2,2026,0,50.0,0.0,0.0,3
2026-02-10,Onion Small,50,50.0,50.0,50.0,50.0,50.0,58.0,58.0,10,2,2026,1,50.0,0.0,0.0,3
2026-02-11,Onion Small,52,50.0,50.0,50.0,50.0,50.0,58.0,58.0,11,2,2026,2,50.285714285714285,0.755928946018342,0.0,3
2026-02-12,Onion Small,52,52.0,50.0,50.0,50.0,50.0,50.0,58.0,12,2,2026,3,50.57142857142857,0.9759000729484371,2.0,3
2026-02-13,Onion Small,52,52.0,52.0,50.0,50.0,50.0,50.0,58.0,13,2,2026,4,50.857142857142854,1.0690449676496012,2.0,3
2026-02-14,Onion Small,52,52.0,52.0,52.0,50.0,50.0,50.0,58.0,14,2,2026,5,51.142857142857146,1.0690449676495937,2.0,3
2026-02-15,Onion Small,52,52.0,52.0,52.0,50.0,50.0,50.0,58.0,15,2,2026,6,51.42857142857143,0.9759000729484107,2.0,3
2026-02-16,Onion Small,52,52.0,52.0,52.0,50.0,50.0,50.0,58.0,16,2,2026,0,51.714285714285715,0.7559289460182864,2.0,3
2026-02-17,Onion Small,52,52.0,52.0,52.0,50.0,50.0,50.0,58.0,17,2,2026,1,52.0,0.0,2.0,3
2026-02-18,Onion Small,52,52.0,52.0,52.0,52.0,50.0,50.0,58.0,18,2,2026,2,52.0,0.0,0.0,3
2026-02-19,Onion Small,52,52.0,52.0,52.0,52.0,50.0,50.0,58.0,19,2,2026,3,52.0,0.0,0.0,3
2026-02-20,Onion Small,52,52.0,52.0,52.0,52.0,50.0,50.0,58.0,20,2,2026,4,52.0,0.0,0.0,3
2026-02-21,Onion Small,52,52.0,52.0,52.0,52.0,50.0,50.0,50.0,21,2,2026,5,52.0,0.0,0.0,3
2026-02-22,Onion Small,52,52.0,52.0,52.0,52.0,50.0,50.0,50.0,22,2,2026,6,52.0,0.0,0.0,3
2026-02-23,Onion Small,52,52.0,52.0,52.0,52.0,50.0,50.0,50.0,23,2,2026,0,52.0,0.0,0.0,3
2026-02-24,Onion Small,52,52.0,52.0,52.0,52.0,50.0,50.0,50.0,24,2,2026,1,52.0,0.0,0.0,3
2026-02-25,Onion Small,52,52.0,52.0,52.0,52.0,52.0,50.0,50.0,25,2,2026,2,52.0,0.0,0.0,3
2026-02-26,Onion Small,59,52.0,52.0,52.0,52.0,52.0,50.0,50.0,26,2,2026,3,53.0,2.6457513110645294,0.0,3
2026-02-27,Onion Small,56,59.0,52.0,52.0,52.0,52.0,50.0,50.0,27,2,2026,4,53.57142857142857,2.819996622760496,7.0,3
2026-02-28,Onion Small,54,56.0,59.0,52.0,52.0,52.0,50.0,50.0,28,2,2026,5,53.857142857142854,2.7342623276105225,4.0,3
2026-03-01,Onion Small,60,54.0,56.0,59.0,52.0,52.0,50.0,50.0,1,3,2026,6,55.0,3.415650255319807,2.0,3
2026-03-02,Onion Small,59,60.0,54.0,56.0,52.0,52.0,50.0,50.0,2,3,2026,0,56.0,3.4156502553198025,8.0,3
2026-03-03,Onion Small,59,59.0,60.0,54.0,52.0,52.0,50.0,50.0,3,3,2026,1,57.0,3.0550504633038162,7.0,3
2026-03-04,Onion Small,50,59.0,59.0,60.0,52.0,52.0,52.0,50.0,4,3,2026,2,56.714285714285715,3.6384193323605207,7.0,3
2026-03-05,Onion Small,50,50.0,59.0,59.0,59.0,52.0,52.0,50.0,5,3,2026,3,55.42857142857143,4.237025012007899,-9.0,3
2026-03-06,Onion Small,51,50.0,50.0,59.0,56.0,52.0,52.0,50.0,6,3,2026,4,54.714285714285715,4.535573676110684,-6.0,3
2026-03-07,Onion Small,53,51.0,50.0,50.0,54.0,52.0,52.0,50.0,7,3,2026,5,54.57142857142857,4.577377082170592,-3.0,3
2026-03-08,Onion Small,58,53.0,51.0,50.0,60.0,52.0,52.0,50.0,8,3,2026,6,54.285714285714285,4.2314018840995855,-7.0,3
2026-03-09,Onion Small,60,58.0,53.0,51.0,59.0,52.0,52.0,50.0,9,3,2026,0,54.42857142857143,4.429339411136523,-1.0,3
2026-03-10,Onion Small,60,60.0,58.0,53.0,59.0,52.0,52.0,50.0,10,3,2026,1,54.57142857142857,4.61364436055857,1.0,3
2026-03-11,Onion Small,40,60.0,60.0,58.0,50.0,52.0,52.0,50.0,11,3,2026,2,53.142857142857146,7.128079952520418,10.0,3
2026-03-12,Onion Small,40,40.0,60.0,60.0,50.0,59.0,52.0,50.0,12,3,2026,3,51.714285714285715,8.693182879212209,-10.0,3
2026-03-13,Onion Small,40,40.0,40.0,60.0,51.0,56.0,52.0,52.0,13,3,2026,4,50.142857142857146,9.771191865693266,-11.0,3
2026-03-14,Onion Small,40,40.0,40.0,40.0,53.0,54.0,52.0,52.0,14,3,2026,5,48.285714285714285,10.355582805332354,-13.0,3
2026-03-15,Onion Small,42,40.0,40.0,40.0,58.0,60.0,52.0,52.0,15,3,2026,6,46.0,9.591663046625436,-18.0,3
2026-03-16,Onion Small,42,42.0,40.0,40.0,60.0,59.0,52.0,52.0,16,3,2026,0,43.42857142857143,7.3678839761300745,-18.0,3
2026-03-17,Onion Small,41,42.0,42.0,40.0,60.0,59.0,52.0,52.0,17,3,2026,1,40.714285714285715,0.951189731211414,-18.0,3
2026-03-18,Onion Small,41,41.0,42.0,42.0,40.0,50.0,52.0,52.0,18,3,2026,2,40.857142857142854,0.899735410842511,1.0,3
2026-03-19,Onion Small,41,41.0,41.0,42.0,40.0,50.0,59.0,52.0,19,3,2026,3,41.0,0.8164965809278047,1.0,3
2026-03-20,Onion Small,41,41.0,41.0,41.0,40.0,51.0,56.0,52.0,20,3,2026,4,41.142857142857146,0.6900655593424437,1.0,3
2026-03-21,Onion Small,41,41.0,41.0,41.0,40.0,53.0,54.0,52.0,21,3,2026,5,41.285714285714285,0.48795003647438684,1.0,3
2026-03-22,Onion Small,41,41.0,41.0,41.0,42.0,58.0,60.0,52.0,22,3,2026,6,41.142857142857146,0.37796447300939207,-1.0,3
2026-03-23,Onion Small,41,41.0,41.0,41.0,42.0,60.0,59.0,52.0,23,3,2026,0,41.0,0.0,-1.0,3
2026-03-24,Onion Small,44,41.0,41.0,41.0,41.0,60.0,59.0,52.0,24,3,2026,1,41.42857142857143,1.1338934190277297,0.0,3
2026-03-25,Onion Small,48,44.0,41.0,41.0,41.0,40.0,50.0,52.0,25,3,2026,2,42.42857142857143,2.699206232527322,3.0,3
2026-03-26,Onion Small,48,48.0,44.0,41.0,41.0,40.0,50.0,52.0,26,3,2026,3,43.42857142857143,3.3094381626464866,7.0,3
2026-03-27,Onion Small,48,48.0,48.0,44.0,41.0,40.0,51.0,52.0,27,3,2026,4,44.42857142857143,3.505098327538649,7.0,3
2026-03-28,Onion Small,48,48.0,48.0,48.0,41.0,40.0,53.0,59.0,28,3,2026,5,45.42857142857143,3.359421718944226,7.0,3
2026-03-29,Onion Small,43,48.0,48.0,48.0,41.0,42.0,58.0,56.0,29,3,2026,6,45.714285714285715,2.9840847683606073,7.0,3
2026-03-30,Onion Small,43,43.0,48.0,48.0,41.0,42.0,60.0,54.0,30,3,2026,0,46.0,2.5166114784235556,2.0,3
2026-03-31,Onion Small,47,43.0,43.0,48.0,44.0,41.0,60.0,60.0,31,3,2026,1,46.42857142857143,2.370453040886374,-1.0,3
2026-04-01,Onion Small,46,47.0,43.0,43.0,48.0,41.0,40.0,59.0,1,4,2026,2,46.142857142857146,2.2677868380553314,-1.0,3
2026-04-02,Onion Small,46,46.0,47.0,43.0,48.0,41.0,40.0,59.0,2,4,2026,3,45.857142857142854,2.1157009420497848,-2.0,3
2026-04-03,Onion Small,46,46.0,46.0,47.0,48.0,41.0,40.0,50.0,3,4,2026,4,45.57142857142857,1.9023794624226542,-2.0,3
2026-04-04,Onion Small,46,46.0,46.0,46.0,48.0,41.0,40.0,50.0,4,4,2026,5,45.285714285714285,1.6035674514745168,-2.0,3
2026-04-05,Onion Small,46,46.0,46.0,46.0,43.0,41.0,42.0,51.0,5,4,2026,6,45.714285714285715,1.2535663410559685,3.0,3
2026-04-06,Onion Small,46,46.0,46.0,46.0,43.0,41.0,42.0,53.0,6,4,2026,0,46.142857142857146,0.3779644730090271,3.0,3
2026-04-07,Onion Small,45,46.0,46.0,46.0,47.0,44.0,41.0,58.0,7,4,2026,1,45.857142857142854,0.3779644730090546,-1.0,3
2026-04-08,Onion Small,45,45.0,46.0,46.0,46.0,48.0,41.0,60.0,8,4,2026,2,45.714285714285715,0.48795003647414353,-1.0,3
2026-04-09,Onion Small,46,45.0,45.0,46.0,46.0,48.0,41.0,60.0,9,4,2026,3,45.714285714285715,0.48795003647414353,-1.0,3
2026-04-10,Onion Small,46,46.0,45.0,45.0,46.0,48.0,41.0,40.0,10,4,2026,4,45.714285714285715,0.48795003647414353,0.0,3
2026-04-11,Onion Small,44,46.0,46.0,45.0,46.0,48.0,41.0,40.0,11,4,2026,5,45.42857142857143,0.7867957924693794,0.0,3
2026-04-12,Onion Small,44,44.0,46.0,46.0,46.0,43.0,41.0,40.0,12,4,2026,6,45.142857142857146,0.8997354108423933,-2.0,3
2026-04-13,Onion Small,44,44.0,44.0,46.0,46.0,43.0,41.0,40.0,13,4,2026,0,44.857142857142854,0.8997354108424048,-2.0,3
2026-04-14,Onion Small,43,44.0,44.0,44.0,45.0,47.0,44.0,42.0,14,4,2026,1,44.57142857142857,1.1338934190276655,-1.0,3
2025-11-16,Tomato,31,31.0,31.0,31.0,25.0,23.0,21.0,23.0,16,11,2025,6,28.428571428571427,3.2071349029491114,6.0,4
2025-11-17,Tomato,31,31.0,31.0,31.0,25.0,23.0,21.0,20.0,17,11,2025,0,29.285714285714285,2.927700218845623,6.0,4
2025-11-18,Tomato,31,31.0,31.0,31.0,25.0,23.0,21.0,20.0,18,11,2025,1,30.142857142857142,2.2677868380553976,6.0,4
2025-11-19,Tomato,31,31.0,31.0,31.0,25.0,23.0,21.0,20.0,19,11,2025,2,31.0,0.0,6.0,4
2025-11-20,Tomato,31,31.0,31.0,31.0,31.0,23.0,23.0,20.0,20,11,2025,3,31.0,0.0,0.0,4
2025-11-21,Tomato,31,31.0,31.0,31.0,31.0,25.0,23.0,20.0,21,11,2025,4,31.0,0.0,0.0,4
2025-11-22,Tomato,32,31.0,31.0,31.0,31.0,25.0,23.0,21.0,22,11,2025,5,31.142857142857142,0.3779644730094535,0.0,4
2025-11-23,Tomato,32,32.0,31.0,31.0,31.0,25.0,23.0,21.0,23,11,2025,6,31.285714285714285,0.4879500364744446,1.0,4
2025-11-24,Tomato,32,32.0,32.0,31.0,31.0,25.0,23.0,21.0,24,11,2025,0,31.428571428571427,0.5345224838250138,1.0,4
2025-11-25,Tomato,32,32.0,32.0,32.0,31.0,25.0,23.0,21.0,25,11,2025,1,31.571428571428573,0.5345224838250165,1.0,4
2025-11-26,Tomato,32,32.0,32.0,32.0,31.0,25.0,23.0,21.0,26,11,2025,2,31.714285714285715,0.48795003647445334,1.0,4
2025-11-27,Tomato,32,32.0,32.0,32.0,31.0,31.0,23.0,21.0,27,11,2025,3,31.857142857142858,0.3779644730094727,1.0,4
2025-11-28,Tomato,46,32.0,32.0,32.0,31.0,31.0,25.0,21.0,28,11,2025,4,34.0,5.291502622129203,1.0,4
2025-11-29,Tomato,46,46.0,32.0,32.0,32.0,31.0,25.0,23.0,29,11,2025,5,36.0,6.831300510639751,14.0,4
2025-11-30,Tomato,46,46.0,46.0,32.0,32.0,31.0,25.0,23.0,30,11,2025,6,38.0,7.483314773547902,14.0,4
2025-12-01,Tomato,46,46.0,46.0,46.0,32.0,31.0,25.0,23.0,1,12,2025,0,40.0,7.483314773547905,14.0,4
2025-12-02,Tomato,46,46.0,46.0,46.0,32.0,31.0,25.0,23.0,2,12,2025,1,42.0,6.831300510639759,14.0,4
2025-12-03,Tomato,46,46.0,46.0,46.0,32.0,31.0,25.0,23.0,3,12,2025,2,44.0,5.291502622129219,14.0,4
2025-12-04,Tomato,54,46.0,46.0,46.0,32.0,31.0,31.0,23.0,4,12,2025,3,47.142857142857146,3.0237157840738904,14.0,4
2025-12-05,Tomato,54,54.0,46.0,46.0,46.0,31.0,31.0,23.0,5,12,2025,4,48.285714285714285,3.90360029179419,8.0,4
2025-12-06,Tomato,54,54.0,54.0,46.0,46.0,32.0,31.0,23.0,6,12,2025,5,49.42857142857143,4.276179870598844,8.0,4
2025-12-07,Tomato,54,54.0,54.0,54.0,46.0,32.0,31.0,25.0,7,12,2025,6,50.57142857142857,4.276179870598845,8.0,4
2025-12-08,Tomato,54,54.0,54.0,54.0,46.0,32.0,31.0,25.0,8,12,2025,0,51.714285714285715,3.903600291794197,8.0,4
2025-12-09,Tomato,54,54.0,54.0,54.0,46.0,32.0,31.0,25.0,9,12,2025,1,52.857142857142854,3.0237157840739073,8.0,4
2025-12-10,Tomato,54,54.0,54.0,54.0,46.0,32.0,31.0,25.0,10,12,2025,2,54.0,0.0,8.0,4
2025-12-11,Tomato,39,54.0,54.0,54.0,54.0,32.0,31.0,25.0,11,12,2025,3,51.857142857142854,5.669467095138449,0.0,4
2025-12-12,Tomato,39,39.0,54.0,54.0,54.0,46.0,31.0,25.0,12,12,2025,4,49.714285714285715,7.319250547114023,-15.0,4
2025-12-13,Tomato,39,39.0,39.0,54.0,54.0,46.0,32.0,31.0,13,12,2025,5,47.57142857142857,8.017837257372745,-15.0,4
2025-12-14,Tomato,39,39.0,39.0,39.0,54.0,46.0,32.0,31.0,14,12,2025,6,45.42857142857143,8.017837257372737,-15.0,4
2025-12-15,Tomato,39,39.0,39.0,39.0,54.0,46.0,32.0,31.0,15,12,2025,0,43.285714285714285,7.319250547113997,-15.0,4
2025-12-16,Tomato,39,39.0,39.0,39.0,54.0,46.0,32.0,31.0,16,12,2025,1,41.142857142857146,5.669467095138396,-15.0,4
2025-12-17,Tomato,39,39.0,39.0,39.0,54.0,46.0,32.0,31.0,17,12,2025,2,39.0,0.0,-15.0,4
2025-12-18,Tomato,39,39.0,39.0,39.0,39.0,54.0,32.0,31.0,18,12,2025,3,39.0,0.0,0.0,4
2025-12-19,Tomato,39,39.0,39.0,39.0,39.0,54.0,46.0,31.0,19,12,2025,4,39.0,0.0,0.0,4
2025-12-20,Tomato,35,39.0,39.0,39.0,39.0,54.0,46.0,31.0,20,12,2025,5,38.42857142857143,1.5118578920368084,0.0,4
2025-12-21,Tomato,35,35.0,39.0,39.0,39.0,54.0,46.0,31.0,21,12,2025,6,37.857142857142854,1.9518001458969787,-4.0,4
2025-12-22,Tomato,35,35.0,35.0,39.0,39.0,54.0,46.0,32.0,22,12,2025,0,37.285714285714285,2.138089935299305,-4.0,4
2025-12-23,Tomato,35,35.0,35.0,35.0,39.0,54.0,46.0,32.0,23,12,2025,1,36.714285714285715,2.138089935299296,-4.0,4
2025-12-24,Tomato,35,35.0,35.0,35.0,39.0,54.0,46.0,32.0,24,12,2025,2,36.142857142857146,1.9518001458969483,-4.0,4
2025-12-25,Tomato,35,35.0,35.0,35.0,39.0,39.0,54.0,32.0,25,12,2025,3,35.57142857142857,1.5118578920367454,-4.0,4
2025-12-26,Tomato,56,35.0,35.0,35.0,39.0,39.0,54.0,32.0,26,12,2025,4,38.0,7.937253933193748,-4.0,4
2025-12-27,Tomato,56,56.0,35.0,35.0,35.0,39.0,54.0,32.0,27,12,2025,5,41.0,10.246950765959587,21.0,4
2025-12-28,Tomato,56,56.0,56.0,35.0,35.0,39.0,54.0,46.0,28,12,2025,6,44.0,11.224972160321823,21.0,4
2025-12-29,Tomato,56,56.0,56.0,56.0,35.0,39.0,54.0,46.0,29,12,2025,0,47.0,11.22497216032183,21.0,4
2025-12-30,Tomato,56,56.0,56.0,56.0,35.0,39.0,54.0,46.0,30,12,2025,1,50.0,10.246950765959612,21.0,4
2025-12-31,Tomato,56,56.0,56.0,56.0,35.0,39.0,54.0,46.0,31,12,2025,2,53.0,7.9372539331938,21.0,4
2026-01-01,Tomato,56,56.0,56.0,56.0,35.0,39.0,39.0,46.0,1,1,2026,3,56.0,0.0,21.0,4
2026-01-02,Tomato,56,56.0,56.0,56.0,56.0,39.0,39.0,46.0,2,1,2026,4,56.0,0.0,0.0,4
2026-01-03,Tomato,56,56.0,56.0,56.0,56.0,35.0,39.0,54.0,3,1,2026,5,56.0,0.0,0.0,4
2026-01-04,Tomato,56,56.0,56.0,56.0,56.0,35.0,39.0,54.0,4,1,2026,6,56.0,0.0,0.0,4
2026-01-05,Tomato,56,56.0,56.0,56.0,56.0,35.0,39.0,54.0,5,1,2026,0,56.0,0.0,0.0,4
2026-01-06,Tomato,56,56.0,56.0,56.0,56.0,35.0,39.0,54.0,6,1,2026,1,56.0,0.0,0.0,4
2026-01-07,Tomato,56,56.0,56.0,56.0,56.0,35.0,39.0,54.0,7,1,2026,2,56.0,0.0,0.0,4
2026-01-08,Tomato,56,56.0,56.0,56.0,56.0,35.0,39.0,54.0,8,1,2026,3,56.0,0.0,0.0,4
2026-01-09,Tomato,56,56.0,56.0,56.0,56.0,56.0,39.0,54.0,9,1,2026,4,56.0,0.0,0.0,4
2026-01-10,Tomato,56,56.0,56.0,56.0,56.0,56.0,35.0,39.0,10,1,2026,5,56.0,0.0,0.0,4
2026-01-11,Tomato,56,56.0,56.0,56.0,56.0,56.0,35.0,39.0,11,1,2026,6,56.0,0.0,0.0,4
2026-01-12,Tomato,56,56.0,56.0,56.0,56.0,56.0,35.0,39.0,12,1,2026,0,56.0,0.0,0.0,4
2026-01-13,Tomato,56,56.0,56.0,56.0,56.0,56.0,35.0,39.0,13,1,2026,1,56.0,0.0,0.0,4
2026-01-14,Tomato,56,56.0,56.0,56.0,56.0,56.0,35.0,39.0,14,1,2026,2,56.0,0.0,0.0,4
2026-01-15,Tomato,56,56.0,56.0,56.0,56.0,56.0,35.0,39.0,15,1,2026,3,56.0,0.0,0.0,4
2026-01-16,Tomato,56,56.0,56.0,56.0,56.0,56.0,56.0,39.0,16,1,2026,4,56.0,0.0,0.0,4
2026-01-17,Tomato,56,56.0,56.0,56.0,56.0,56.0,56.0,39.0,17,1,2026,5,56.0,0.0,0.0,4
2026-01-18,Tomato,56,56.0,56.0,56.0,56.0,56.0,56.0,39.0,18,1,2026,6,56.0,0.0,0.0,4
2026-01-19,Tomato,56,56.0,56.0,56.0,56.0,56.0,56.0,35.0,19,1,2026,0,56.0,0.0,0.0,4
2026-01-20,Tomato,56,56.0,56.0,56.0,56.0,56.0,56.0,35.0,20,1,2026,1,56.0,0.0,0.0,4
2026-01-21,Tomato,56,56.0,56.0,56.0,56.0,56.0,56.0,35.0,21,1,2026,2,56.0,0.0,0.0,4
2026-01-22,Tomato,30,56.0,56.0,56.0,56.0,56.0,56.0,35.0,22,1,2026,3,52.285714285714285,9.827076298239929,0.0,4
2026-01-23,Tomato,30,30.0,56.0,56.0,56.0,56.0,56.0,35.0,23,1,2026,4,48.57142857142857,12.68670094833094,-26.0,4
2026-01-24,Tomato,30,30.0,30.0,56.0,56.0,56.0,56.0,35.0,24,1,2026,5,44.857142857142854,13.897584579446068,-26.0,4
2026-01-25,Tomato,30,30.0,30.0,30.0,56.0,56.0,56.0,56.0,25,1,2026,6,41.142857142857146,13.897584579446061,-26.0,4
2026-01-26,Tomato,30,30.0,30.0,30.0,56.0,56.0,56.0,56.0,26,1,2026,0,37.42857142857143,12.686700948330914,-26.0,4
2026-01-27,Tomato,30,30.0,30.0,30.0,56.0,56.0,56.0,56.0,27,1,2026,1,33.714285714285715,9.827076298239875,-26.0,4
2026-01-28,Tomato,30,30.0,30.0,30.0,56.0,56.0,56.0,56.0,28,1,2026,2,30.0,0.0,-26.0,4
2026-01-29,Tomato,30,30.0,30.0,30.0,30.0,56.0,56.0,56.0,29,1,2026,3,30.0,0.0,0.0,4
2026-01-30,Tomato,30,30.0,30.0,30.0,30.0,56.0,56.0,56.0,30,1,2026,4,30.0,0.0,0.0,4
2026-01-31,Tomato,30,30.0,30.0,30.0,30.0,56.0,56.0,56.0,31,1,2026,5,30.0,0.0,0.0,4
2026-02-01,Tomato,30,30.0,30.0,30.0,30.0,56.0,56.0,56.0,1,2,2026,6,30.0,0.0,0.0,4
2026-02-02,Tomato,30,30.0,30.0,30.0,30.0,56.0,56.0,56.0,2,2,2026,0,30.0,0.0,0.0,4
2026-02-03,Tomato,30,30.0,30.0,30.0,30.0,56.0,56.0,56.0,3,2,2026,1,30.0,0.0,0.0,4
2026-02-04,Tomato,30,30.0,30.0,30.0,30.0,56.0,56.0,56.0,4,2,2026,2,30.0,0.0,0.0,4
2026-02-05,Tomato,30,30.0,30.0,30.0,30.0,30.0,56.0,56.0,5,2,2026,3,30.0,0.0,0.0,4
2026-02-06,Tomato,30,30.0,30.0,30.0,30.0,30.0,56.0,56.0,6,2,2026,4,30.0,0.0,0.0,4
2026-02-07,Tomato,30,30.0,30.0,30.0,30.0,30.0,56.0,56.0,7,2,2026,5,30.0,0.0,0.0,4
2026-02-08,Tomato,30,30.0,30.0,30.0,30.0,30.0,56.0,56.0,8,2,2026,6,30.0,0.0,0.0,4
2026-02-09,Tomato,30,30.0,30.0,30.0,30.0,30.0,56.0,56.0,9,2,2026,0,30.0,0.0,0.0,4
2026-02-10,Tomato,30,30.0,30.0,30.0,30.0,30.0,56.0,56.0,10,2,2026,1,30.0,0.0,0.0,4
2026-02-11,Tomato,26,30.0,30.0,30.0,30.0,30.0,56.0,56.0,11,2,2026,2,29.428571428571427,1.5118578920366088,0.0,4
2026-02-12,Tomato,26,26.0,30.0,30.0,30.0,30.0,30.0,56.0,12,2,2026,3,28.857142857142858,1.9518001458968253,-4.0,4
2026-02-13,Tomato,26,26.0,26.0,30.0,30.0,30.0,30.0,56.0,13,2,2026,4,28.285714285714285,2.138089935299168,-4.0,4
2026-02-14,Tomato,26,26.0,26.0,26.0,30.0,30.0,30.0,56.0,14,2,2026,5,27.714285714285715,2.138089935299161,-4.0,4
2026-02-15,Tomato,26,26.0,26.0,26.0,30.0,30.0,30.0,56.0,15,2,2026,6,27.142857142857142,1.9518001458968035,-4.0,4
2026-02-16,Tomato,26,26.0,26.0,26.0,30.0,30.0,30.0,56.0,16,2,2026,0,26.571428571428573,1.5118578920365617,-4.0,4
2026-02-17,Tomato,26,26.0,26.0,26.0,30.0,30.0,30.0,56.0,17,2,2026,1,26.0,0.0,-4.0,4
2026-02-18,Tomato,26,26.0,26.0,26.0,26.0,30.0,30.0,56.0,18,2,2026,2,26.0,0.0,0.0,4
2026-02-19,Tomato,26,26.0,26.0,26.0,26.0,30.0,30.0,56.0,19,2,2026,3,26.0,0.0,0.0,4
2026-02-20,Tomato,26,26.0,26.0,26.0,26.0,30.0,30.0,56.0,20,2,2026,4,26.0,0.0,0.0,4
2026-02-21,Tomato,26,26.0,26.0,26.0,26.0,30.0,30.0,30.0,21,2,2026,5,26.0,0.0,0.0,4
2026-02-22,Tomato,26,26.0,26.0,26.0,26.0,30.0,30.0,30.0,22,2,2026,6,26.0,0.0,0.0,4
2026-02-23,Tomato,26,26.0,26.0,26.0,26.0,30.0,30.0,30.0,23,2,2026,0,26.0,0.0,0.0,4
2026-02-24,Tomato,26,26.0,26.0,26.0,26.0,30.0,30.0,30.0,24,2,2026,1,26.0,0.0,0.0,4
2026-02-25,Tomato,26,26.0,26.0,26.0,26.0,26.0,30.0,30.0,25,2,2026,2,26.0,0.0,0.0,4
2026-02-26,Tomato,26,26.0,26.0,26.0,26.0,26.0,30.0,30.0,26,2,2026,3,26.0,0.0,0.0,4
2026-02-27,Tomato,20,26.0,26.0,26.0,26.0,26.0,30.0,30.0,27,2,2026,4,25.142857142857142,2.2677868380551205,0.0,4
2026-02-28,Tomato,23,20.0,26.0,26.0,26.0,26.0,30.0,30.0,28,2,2026,5,24.714285714285715,2.360387377408093,-6.0,4
2026-03-01,Tomato,23,23.0,20.0,26.0,26.0,26.0,30.0,30.0,1,3,2026,6,24.285714285714285,2.360387377408089,-3.0,4
2026-03-02,Tomato,20,23.0,23.0,20.0,26.0,26.0,30.0,30.0,2,3,2026,0,23.428571428571427,2.699206232527095,-3.0,4
2026-03-03,Tomato,20,20.0,23.0,23.0,26.0,26.0,30.0,30.0,3,3,2026,1,22.571428571428573,2.699206232527088,-6.0,4
2026-03-04,Tomato,18,20.0,20.0,23.0,26.0,26.0,26.0,30.0,4,3,2026,2,21.428571428571427,2.6992062325270787,-6.0,4
2026-03-05,Tomato,18,18.0,20.0,20.0,26.0,26.0,26.0,30.0,5,3,2026,3,20.285714285714285,2.058663459163233,-8.0,4
2026-03-06,Tomato,17,18.0,18.0,20.0,20.0,26.0,26.0,30.0,6,3,2026,4,19.857142857142858,2.4102953780652028,-2.0,4
2026-03-07,Tomato,18,17.0,18.0,18.0,23.0,26.0,26.0,30.0,7,3,2026,5,19.142857142857142,2.0354009783960936,-6.0,4
2026-03-08,Tomato,19,18.0,17.0,18.0,23.0,26.0,26.0,30.0,8,3,2026,6,18.571428571428573,1.1338934190270658,-5.0,4
2026-03-09,Tomato,17,19.0,18.0,17.0,20.0,26.0,26.0,30.0,9,3,2026,0,18.142857142857142,1.0690449676490352,-1.0,4
2026-03-10,Tomato,17,17.0,19.0,18.0,20.0,26.0,26.0,30.0,10,3,2026,1,17.714285714285715,0.7559289460175052,-3.0,4
2026-03-11,Tomato,17,17.0,17.0,19.0,18.0,26.0,26.0,30.0,11,3,2026,2,17.571428571428573,0.7867957924685268,-1.0,4
2026-03-12,Tomato,17,17.0,17.0,17.0,18.0,26.0,26.0,30.0,12,3,2026,3,17.428571428571427,0.7867957924685228,-1.0,4
2026-03-13,Tomato,17,17.0,17.0,17.0,17.0,20.0,26.0,26.0,13,3,2026,4,17.428571428571427,0.7867957924685228,0.0,4
2026-03-14,Tomato,17,17.0,17.0,17.0,18.0,23.0,26.0,26.0,14,3,2026,5,17.285714285714285,0.7559289460174923,-1.0,4
2026-03-15,Tomato,17,17.0,17.0,17.0,19.0,23.0,26.0,26.0,15,3,2026,6,17.0,0.0,-2.0,4
2026-03-16,Tomato,17,17.0,17.0,17.0,17.0,20.0,26.0,26.0,16,3,2026,0,17.0,0.0,0.0,4
2026-03-17,Tomato,16,17.0,17.0,17.0,17.0,20.0,26.0,26.0,17,3,2026,1,16.857142857142858,0.3779644730072787,0.0,4
2026-03-18,Tomato,16,16.0,17.0,17.0,17.0,18.0,26.0,26.0,18,3,2026,2,16.714285714285715,0.4879500364727516,-1.0,4
2026-03-19,Tomato,16,16.0,16.0,17.0,17.0,18.0,26.0,26.0,19,3,2026,3,16.571428571428573,0.5345224838234606,-1.0,4
2026-03-20,Tomato,16,16.0,16.0,16.0,17.0,17.0,20.0,26.0,20,3,2026,4,16.428571428571427,0.5345224838234557,-1.0,4
2026-03-21,Tomato,15,16.0,16.0,16.0,17.0,18.0,23.0,26.0,21,3,2026,5,16.142857142857142,0.6900655593412676,-1.0,4
2026-03-22,Tomato,15,15.0,16.0,16.0,17.0,19.0,23.0,26.0,22,3,2026,6,15.857142857142858,0.6900655593412602,-2.0,4
2026-03-23,Tomato,15,15.0,15.0,16.0,17.0,17.0,20.0,26.0,23,3,2026,0,15.571428571428571,0.5345224838234267,-2.0,4
2026-03-24,Tomato,14,15.0,15.0,15.0,16.0,17.0,20.0,26.0,24,3,2026,1,15.285714285714286,0.7559289460174414,-1.0,4
2026-03-25,Tomato,15,14.0,15.0,15.0,16.0,17.0,18.0,26.0,25,3,2026,2,15.142857142857142,0.6900655593412405,-2.0,4
2026-03-26,Tomato,15,15.0,14.0,15.0,16.0,17.0,18.0,26.0,26,3,2026,3,15.0,0.5773502691882898,-1.0,4
2026-03-27,Tomato,15,15.0,15.0,14.0,16.0,17.0,17.0,26.0,27,3,2026,4,14.857142857142858,0.37796447300717934,-1.0,4
2026-03-28,Tomato,15,15.0,15.0,15.0,15.0,17.0,18.0,26.0,28,3,2026,5,14.857142857142858,0.37796447300717934,0.0,4
2026-03-29,Tomato,15,15.0,15.0,15.0,15.0,17.0,19.0,20.0,29,3,2026,6,14.857142857142858,0.37796447300717934,0.0,4
2026-03-30,Tomato,15,15.0,15.0,15.0,15.0,17.0,17.0,23.0,30,3,2026,0,14.857142857142858,0.37796447300717934,0.0,4
2026-03-31,Tomato,15,15.0,15.0,15.0,14.0,16.0,17.0,23.0,31,3,2026,1,15.0,0.0,1.0,4
2026-04-01,Tomato,15,15.0,15.0,15.0,15.0,16.0,17.0,20.0,1,4,2026,2,15.0,0.0,0.0,4
2026-04-02,Tomato,15,15.0,15.0,15.0,15.0,16.0,17.0,20.0,2,4,2026,3,15.0,0.0,0.0,4
2026-04-03,Tomato,15,15.0,15.0,15.0,15.0,16.0,17.0,18.0,3,4,2026,4,15.0,0.0,0.0,4
2026-04-04,Tomato,15,15.0,15.0,15.0,15.0,15.0,17.0,18.0,4,4,2026,5,15.0,0.0,0.0,4
2026-04-05,Tomato,15,15.0,15.0,15.0,15.0,15.0,17.0,17.0,5,4,2026,6,15.0,0.0,0.0,4
2026-04-06,Tomato,15,15.0,15.0,15.0,15.0,15.0,17.0,18.0,6,4,2026,0,15.0,0.0,0.0,4
2026-04-07,Tomato,17,15.0,15.0,15.0,15.0,14.0,16.0,19.0,7,4,2026,1,15.285714285714286,0.7559289460174407,0.0,4
2026-04-08,Tomato,17,17.0,15.0,15.0,15.0,15.0,16.0,17.0,8,4,2026,2,15.571428571428571,0.9759000729477528,2.0,4
2026-04-09,Tomato,18,17.0,17.0,15.0,15.0,15.0,16.0,17.0,9,4,2026,3,16.0,1.2909944487352214,2.0,4
2026-04-10,Tomato,18,18.0,17.0,17.0,15.0,15.0,16.0,17.0,10,4,2026,4,16.428571428571427,1.3972762620110093,3.0,4
2026-04-11,Tomato,16,18.0,18.0,17.0,15.0,15.0,15.0,17.0,11,4,2026,5,16.571428571428573,1.2724180205601185,3.0,4
2026-04-12,Tomato,16,16.0,18.0,18.0,15.0,15.0,15.0,17.0,12,4,2026,6,16.714285714285715,1.1126972805277067,1.0,4
2026-04-13,Tomato,16,16.0,16.0,18.0,15.0,15.0,15.0,17.0,13,4,2026,0,16.857142857142858,0.8997354108416148,1.0,4
2026-04-14,Tomato,20,16.0,16.0,16.0,17.0,15.0,14.0,17.0,14,4,2026,1,17.285714285714285,1.4960264830857006,-1.0,4
